"ID","psu","palika","ward","hhld","version","verified","interviewer_id","v901","v902","v902a","v903","v904","v904a","v904b","v904c","v904d","v905","v906","v907a","v907b"
694,5104,50703,"3","2","v1","Y",55,"1 ",NA,"1","1 ",NA,"2 ","0","3","10","NAWALPARASI","1400000",NA," , 00"
694,5104,50703,"3","2","v1","Y",55,"1 ",NA,"2","1 ",NA,"2 ","0","1","17","NAWALPARASI","3700000",NA," , 0"
695,5204,50703,"3","3","v1","Y",55,"1 ",NA,"1","1 ",NA,"2 ","0","13","0","NAWALPARASI","2600000",NA," , 0"
695,5204,50703,"3","3","v1","Y",55,NA,NA,"2","1 ",NA,"2 ","0","2","10","NAWALPARASI","25000",NA," , 00"
702,5101,50403,"3","1","v1","Y",53,"1 ",NA,"5","1 ",NA,"1 ","20","0","0","GULMI","20000000",NA," , 1 , 10000"
723,5104,50703,"3","4","v1","Y",55,"1 ",NA,"1","3 ",NA,"2 ","1","0","0","NAWALPARASI","7000000",NA," , 2 , 50000"
735,7302,70805,"2","3","v1","Y",73,"1 ",NA,"1","2 ",NA,"2 ","0","14","15","KAILALI","3000000",NA,"2 , 800 KG"
736,7402,70805,"2","1","v1","Y",73,"1 ",NA,"1","1 ",NA,"2 ","0","5","0","KAILALI","1000000",NA," , 1 , 70000"
752,5101,50403,"3","1","v1","Y",54,"1 ",NA,"1","1 ",NA,"1 ","15",NA,NA,"GULMI","4800000",NA," , 0"
768,5104,50703,"3","7","v1","Y",58,"1 ",NA,"1","4 ",NA,"2 ","0","10","0","NAWALPARASI","8000000",NA," , 2 , 6000"
840,4104,40605,"6","1","v2","Y",41,"1 ",NA,"1","1 ",NA,"1 ","2","0","0","LAMJUNG","100000",NA," , 0000, 1 "
840,4104,40605,"6","1","v2","Y",41,"1 ",NA,"2","1 ",NA,"1 ","1","0","0","LAMJUNG","100000",NA,"1 , OOOO"
841,4104,40605,"6","2","v2","Y",41,"1 ",NA,"1","1 ",NA,"1 ","2","0","0","LAMJUNG","500000",NA," , 0, 1 "
842,4104,40605,"6","4","v2","Y",41,"1 ",NA,"1","1 ",NA,"1 ","2","0","0","LAMJUNG","200000",NA," , 0, 1 "
855,4104,40605,"6","1","v2","Y",42,"1 ",NA,"1","1 ",NA,"1 ","2","0","0","LAMJUNG","200000",NA," , 0, 1 "
855,4104,40605,"6","1","v2","Y",42,"1 ",NA,"2","1 ",NA,"1 ","1","0","0","LAMJUNG","100000",NA," , 0, 1 "
856,4104,40605,"6","2","v2","Y",42,"1 ",NA,"1","1 ",NA,"1 ","1","0","0","LAMJUNG","400000",NA,"1 , NA"
856,4104,40605,"6","2","v2","Y",42,"1 ",NA,"2","1 ",NA,"1 ","1","0","0","LAMJUNG","400000",NA,"1 , NA"
857,4104,40605,"6","3","v2","Y",42,"1 ",NA,"1","1 ",NA,"1 ","0","0","0","LAMJUNG","200000",NA," , 0, 1 "
857,4104,40605,"6","3","v2","Y",42,"1 ",NA,"2","1 ",NA,"1 ","1","0","0","LAMJUNG","500000",NA," , 0"
857,4104,40605,"6","3","v2","Y",42,"1 ",NA,"3","8 ",NA,"1 ","2","0",NA,"LAMJUNG","200000",NA," , 1 , 70000"
861,4104,40605,"6","1","v2","Y",43,"1 ",NA,"1","1 ",NA,"1 ","4",NA,NA,"LAMJUNG","1600000",NA," , 2 , 48000"
862,4104,40605,"6","2","v2","Y",43,"1 ",NA,"1","6 ",NA,"1 ","1",NA,NA,"LAMJUNG","1000000",NA," , 2 , 8000"
862,4104,40605,"6","2","v2","Y",43,"1 ",NA,"2","6 ",NA,"1 ","2",NA,NA,"LAMJUNG","1500000",NA," , 2 , 8000"
862,4104,40605,"6","2","v2","Y",43,"1 ",NA,"3","6 ",NA,"1 ","2",NA,NA,"LAMJUNG","250000",NA," , 2 , 8000"
862,4104,40605,"6","2","v2","Y",43,NA,NA,"4","6 ",NA,"1 ","2",NA,NA,NA,"200000",NA," , 2 , 8000"
862,4104,40605,"6","2","v2","Y",43,"1 ",NA,"5","6 ",NA,"1 ","1",NA,NA,"LAMJUNG","200000",NA," , 2 , 8000"
864,4104,40605,"6","3","v2","Y",43,"1 ",NA,"1","1 ",NA,"1 ","1",NA,NA,"LAMJUNG","20000",NA," , 12000, 2 "
864,4104,40605,"6","3","v2","Y",43,"1 ",NA,"2","1 ",NA,"1 ","1",NA,NA,"LAMJUNG","100000",NA," , 12000, 2 "
864,4104,40605,"6","3","v2","Y",43,"1 ",NA,"3","1 ",NA,"1 ","1",NA,NA,"LAMJUNG","20000",NA," , 12000, 2 "
864,4104,40605,"6","3","v2","Y",43,"1 ",NA,"4","1 ",NA,"1 ","1",NA,NA,"LAMJUNG","20000",NA," , 12000, 2 "
864,4104,40605,"6","3","v2","Y",43,"1 ",NA,"5","1 ",NA,"1 ","1",NA,NA,"LAMJUNG","200000",NA," , 12000, 2 "
867,1109,11214,"18","1","v2","Y",21,"1 ",NA,NA,"4 ",NA,"2 ","0","17","10","MORANG","600000",NA,"15 MAN, 2 "
867,1109,11214,"18","1","v2","Y",21,"1 ",NA,"1","4 ",NA,"2 ","0","11","10","MORANG","2500000",NA," , 2 , 20000"
876,4104,40605,"6","2","v2","Y",44,"1 ",NA,"1","1 ",NA,"1 ","2",NA,NA,"LAMJUNG","200000",NA," , 0"
876,4104,40605,"6","2","v2","Y",44,"1 ",NA,"2","1 ",NA,"1 ","1",NA,NA,"LAMJUNG","100000",NA," , 0"
876,4104,40605,"6","2","v2","Y",44,"1 ",NA,"3","1 ",NA,"1 ","2",NA,NA,NA,"200000",NA," , 0"
876,4104,40605,"6","2","v2","Y",44,"1 ",NA,"4","1 ",NA,"1 ","2",NA,NA,"LAMJUNG","200000",NA," , 0"
876,4104,40605,"6","2","v2","Y",44,"1 ",NA,"5","1 ",NA,"1 ","1",NA,NA,"LAMJUNG","100000",NA," , 0"
876,4104,40605,"6","2","v2","Y",44,"1 ",NA,"7","5 ",NA,"1 ",NA,NA,NA,"LAMJUNG",NA,NA," , 300000"
877,4204,40605,"6","3","v2","Y",44,"1 ",NA,"1","1 ",NA,"1 ","4",NA,NA,"LAMJUNG","500000",NA," , 0"
877,4204,40605,"6","3","v2","Y",44,"1 ",NA,"2","1 ",NA,"1 ","2",NA,NA,"LAMJUNG","150000",NA," , 0"
877,4204,40605,"6","3","v2","Y",44,"1 ",NA,"3","1 ",NA,"1 ","2",NA,NA,"LAMJUNG","100000",NA," , 0"
877,4204,40605,"6","3","v2","Y",44,"1 ",NA,"4","1 ",NA,"1 ","1",NA,NA,"LAMJUNG","50000",NA," , 0"
878,4104,40605,"6","4","v2","Y",44,"1 ",NA,"1","5 ",NA,"1 ","10",NA,NA,NA,NA,NA," , 0"
879,5201,50403,"3","2","v2","Y",53,"1 ",NA,"3","1 ",NA,"1 ","10","0","0","GULMI","10000000",NA," , 1 , 5000"
889,5101,50403,"3","2","v2","Y",51,"1 ",NA,NA,"1 ",NA,"1 ","1","0","0","GULMI","100000",NA," , 00, 1 "
889,5101,50403,"3","2","v2","Y",51,"1 ",NA,"1","1 ",NA,"1 ","1","0","0","GULMI","100000",NA," , 00, 1 "
890,5101,50403,"3","3","v2","Y",53,"1 ",NA,"1","7 ",NA,"2 ","0","0","10","GULMI","2500000",NA," , 1 , 6000"
911,3107,30608,"19","4","v2","Y",92,"1 ",NA,"629","1 ",NA,"1 ","0","15","2","GORKHA","60000",NA," , 1 , 5000"
911,3107,30608,"19","4","v2","Y",92,"1 ",NA,"941","8 ",NA,"1 ","1","6","0","GORKHA","100000",NA," , 1 , 10000"
911,3107,30608,"19","4","v2","Y",92,"1 ",NA,"944","8 ",NA,"1 ","0","7","1","GORKHA","40000",NA," , 1 , 5000"
911,3107,30608,"19","4","v2","Y",92,"1 ",NA,"947","8 ",NA,"1 ","3","4","0","GORKHA","200000",NA," , 1 , 35000"
993,5204,50703,"3","6","v2","Y",56,"1 ",NA,"1","1 ",NA,"2 ",NA,NA,NA,NA,"2000000",NA,"2 , RICE"
1001,5104,50703,"3","5","v2","Y",55,"1 ",NA,"1","2 ",NA,"2 ","0","5","10","NAWALPARASI","1500000",NA,"2 , DHAN BALI"
1021,3101,30102,"8","9","v2","Y",52,"1 ",NA,"1","2 ",NA,"1 ","5","0","0","DOLAKHA","65000",NA," , 2 , 7000"
1021,3101,30102,"8","9","v2","Y",52,"1 ",NA,"2","2 ",NA,"1 ","3","0","0","DOLAKHA","200000",NA,"1 , NISULKA GARI KHANA DIYAKO."
1037,3211,31101,"7","3","v2","Y",25,"1 ",NA,"2","6 ",NA,"2 ",NA,"6",NA,"SINDHULI","2400000",NA," , 15000, 2 "
1037,3211,31101,"7","3","v2","Y",25,"1 ",NA,"3","6 ",NA,NA,NA,"5",NA,"SINDHULI","2000000",NA,"2 , 20 MURI"
1090,3211,31101,"7","2","v2","Y",26,"1 ",NA,"1","7 ",NA,"2 ","0","0","5","SINDHULI","40000",NA," , 1 , 12000"
1095,3111,31101,"7","1","v2","Y",26,"1 ",NA,"1","3 ",NA,"2 ","0","12","0","SINDHULI","8400000",NA," , 2 , 40000"
1302,3111,31101,"7","4","v2","Y",26,"1 ",NA,"1","7 ",NA,"2 ","1","0","0","SINDHULI","2000000",NA," , 1 , 48000"
1311,3211,31101,"7","5","v2","Y",26,"1 ",NA,"2","6 ",NA,"2 ","0","10","0","SINDHULI","1000000",NA," , 18000, 2 "
1540,6101,60303,"5","1","v2","N",64,"1 ",NA,"1","1 ",NA,"1 ","3","0","0","HUMLA","1000000",NA," , 1 , 20000"
1540,6101,60303,"5","1","v2","N",64,"1 ",NA,"2","1 ",NA,"1 ","4","0","0","HUMLA","3200000",NA," , 1 , 6000"
1540,6101,60303,"5","1","v2","N",64,"1 ",NA,"3","1 ",NA,"1 ","1","0","0","HUMLA","100000",NA," , 1 , 8000"
1542,6101,60303,"5","5","v2","Y",64,"1 ",NA,"1","1 ",NA,"1 ","0","9","0","HUMLA","1200000",NA," , 1 , 3000"
1542,6101,60303,"5","5","v2","Y",64,"1 ",NA,"2","1 ",NA,"1 ","1","0","0","HUMLA","1600000",NA," , 1 , 4000"
1542,6101,60303,"5","5","v2","Y",64,"1 ",NA,"3","1 ",NA,"1 ","0","8","0","HUMLA","2706000",NA," , 1 , 6150"
1542,6101,60303,"5","5","v2","Y",64,"1 ",NA,"5",NA,NA,"1 ","2","0","0","HUMLA","4000000",NA," , 1 , 3000"
1544,6101,60303,"5","5","v2","Y",64,"1 ",NA,"1","1 ",NA,"1 ","6","8","0","HUMLA","8400000",NA," , 1 , 24000"
1602,3211,31101,"7","4","v2","Y",25,"1 ",NA,"2","7 ",NA,NA,NA,"3","10","SINDHULI","5300000",NA," , 1 , 7000"
1602,3211,31101,"7","4","v2","Y",25,"1 ",NA,"3","7 ",NA,NA,NA,"5",NA,"SINDHULI","3000000",NA,"2 , 5 MURI DHAN"
1628,3111,31101,"7","2","v2","Y",25,"1 ",NA,"1","2 ",NA,"2 ",NA,"6",NA,"SINDHULI","600000",NA,"12MURI DHAN, 2 "
1653,3211,31101,"7","2","v2","Y",27,"1 ",NA,"0","1 ",NA,NA,"1","6","5","SINDHULI","20000000",NA,"2 , 20 MURI DHAN"
1698,3111,31101,"7","1","v2","Y",27,"1 ",NA,"1","2 ",NA,"2 ","0","10","0","SINDHULI","7000000",NA," , 14000, 2 "
1803,5201,50403,"3","5","v2","Y",51,"1 ",NA,NA,"1 ",NA,"1 ","3","00","00","GULMI","900000",NA,"1 , OO"
1866,3111,31101,"7","6","v2","Y",26,"1 ",NA,"1","3 ",NA,"2 ","0","10","0","SINDHULI","5000000",NA," , 19200, 2 "
1935,5101,50403,"3","6","v2","Y",51,"1 ",NA,"00","1 ",NA,"1 ","7","00","00","GULMI","1200000",NA," , 00, 1 "
1937,5101,50403,"3","3","v2","Y",51,"1 ",NA,"00","1 ",NA,"1 ","2","00","00","GULMI","500000",NA,"1 , OO"
1965,3107,30608,"19","1","v2","Y",93,"1 ",NA,"2","7 ",NA,"2 ","0","3","0",NA,"20000000",NA,"2 , 30000"
1998,3211,31101,"7","1","v2","Y",25,"1 ",NA,"1","6 ",NA,"2 ",NA,"12",NA,"SINDHULI","300000000",NA,"18DHAN 1.5 MURI DAL, 2 "
1998,3211,31101,"7","1","v2","Y",25,"1 ",NA,"2","6 ",NA,"2 ",NA,"10",NA,"SINDHULI","6000000",NA,"15 DHAN 3MURI DAL, 2 "
2003,3111,31101,"7","1","v2","Y",26,"1 ",NA,"2","6 ",NA,"2 ","0","8","10","SINDHULI","1000000",NA," , 1 , 10000"
2027,5201,50403,"3","7","v2","Y",51,"1 ",NA,"00","1 ",NA,"1 ","2","00","00","GULMI","1300000",NA," , 00, 1 "
2059,5101,50403,"3","4","v2","Y",51,"1 ",NA,"00","1 ",NA,"1 ","4","00","00","GULMI","1600000",NA," , 00, 1 "
2131,3207,30608,"19","3","v2","Y",94,"1 ",NA,"1","3 ",NA,"1 ","5","0","0","KAVREPALANCHOWK","200000",NA," , 1 , 50000"
2166,5204,50703,"3","4","v2","Y",56,"1 ",NA,"1","6 ",NA,NA,NA,"18",NA,"NAWALPARASI","360000",NA,"2 , DHAN,GAHU"
2201,5101,50403,"3","1","v2","N",51,"2 ",NA,"0","8 ",NA,"1 ","2","0","0","GULMI","150000",NA," , 1 , 20000"
2204,5201,50403,"3","8","v2","Y",51,"1 ",NA,NA,"1 ",NA,"1 ","2","00","00","GULMI",NA,NA," , 1 , 8000"
2234,5201,50403,"3","2","v2","Y",52,NA,NA,"3","3 ",NA,NA,NA,"72","16","GULMI","2600000",NA," , 1 , 18000"
2234,5201,50403,"3","2","v2","Y",52,"1 ",NA,"4","3 ",NA,NA,NA,"10","0","CHITAWAN","27000000",NA," , 1 , 240000"
2252,1109,11214,"18","1","v2","Y",23,"1 ",NA,"1",NA,NA,"2 ","0","5","0","MORANG","100000",NA," , 0"
2313,5201,50403,"3","3","v2","Y",52,"1 ",NA,"2","7 ",NA,"1 ","1","0","0","GULMI","0",NA," , 1 , 4500"
2393,3101,30102,"8","15","v2","Y",52,"1 ",NA,"3","6 ",NA,"1 ","3","0","0","DOLAKHA","450000",NA," , 2 , 2400"
2393,3101,30102,"8","15","v2","Y",52,"1 ",NA,"4","6 ",NA,"1 ","3","0","0","DOLAKHA","300000",NA,"1400, 2 , 96 "
2393,3101,30102,"8","15","v2","Y",52,"1 ",NA,"5","4 ",NA,"1 ","2","8","0","DOLAKHA","400000",NA," , 1 , 4000"
2409,3101,30102,"8","11","v2","Y",52,"1 ",NA,"5","6 ",NA,"1 ","3","0","0","DOLAKHA","200000",NA,"11 , 1600, 2 "
2411,3101,30102,"8","12","v2","Y",52,"1 ",NA,"2","6 ",NA,"1 ","0","10","0","DOLAKHA","200000",NA,"1200, 2 , 3 "
2415,3101,30102,"8","3","v2","Y",53,"1 ",NA,"1","1 ",NA,"1 ","12","0","0","RASUWA","1700000",NA," , 0"
2415,3101,30102,"8","3","v2","Y",53,"1 ",NA,"2","1 ",NA,"1 ","2","0","0","DOLAKHA","200000",NA," , 0"
2419,3201,30102,"8","3","v2","Y",53,"1 ",NA,"1","1 ",NA,"1 ","4","0","0","DOLAKHA","300000",NA,"2 , MAKAI, KODO, GAHU"
2419,3201,30102,"8","3","v2","Y",53,"1 ",NA,"2","1 ",NA,"1 ","3","0","0","DOLAKHA","200000",NA,"2 , MAKAI, KODO, GAHU"
2419,3201,30102,"8","3","v2","Y",53,"1 ",NA,"3","1 ",NA,"1 ","5","0","0","DOLAKHA","700000",NA,"2 , SAAG, MULA, TAMATAR, DHANIYA, SIMI, LASUN, PYAJ, CHYAPI, AALU, KHURSANI, LASUN, BESAR, PIDAALU, KAAKRA, BARELA"
2437,3201,30102,"8","20","v2","Y",53,"1 ",NA,"2","3 ",NA,"1 ","3","0","0","DOLAKHA","600000",NA," , 0"
2437,3201,30102,"8","20","v2","Y",53,NA,NA,"3","3 ",NA,"1 ","2","0","0","DOLAKHA","400000",NA," , 0"
2437,3201,30102,"8","20","v2","Y",53,"1 ",NA,"4","3 ",NA,"1 ","2","0","0","DOLAKHA","100000",NA,"2 , AALU , GAHU"
2437,3201,30102,"8","20","v2","Y",53,"1 ",NA,"5","3 ",NA,"1 ","5","0","0","DOLAKHA","300000",NA,"2 , AALU, GAHU"
2449,3101,30102,"8","2","v2","Y",52,"1 ",NA,"1","1 ",NA,"1 ","6","0","0","DOLAKHA","140000",NA," , 0, 1 "
2449,3101,30102,"8","2","v2","Y",52,"1 ",NA,"2","1 ",NA,"1 ","5","2","0","DOLAKHA","1500000",NA," , 0, 1 "
2449,3101,30102,"8","2","v2","Y",52,"1 ",NA,"3","1 ",NA,"1 ","3","0","0","DOLAKHA","550000",NA," , 0"
2449,3101,30102,"8","2","v2","Y",52,"1 ",NA,"4","1 ",NA,"1 ","1","0","0","DOLAKHA","150000",NA,"1 , NO"
2449,3101,30102,"8","2","v2","Y",52,"1 ",NA,"5","5 ",NA,"1 ","5","0","0","DOLAKHA","130000",NA," , 0"
2451,3201,30102,"8","18","v2","Y",52,"1 ",NA,"1","2 ",NA,"1 ","3","0","0","DOLAKHA","400000",NA," , 0, 1 "
2455,3201,30102,"8","17","v2","Y",52,"1 ",NA,"6","6 ",NA,"1 ","6","10","0","DOLAKHA","1350000",NA," , 2 , 4000"
2459,3101,30102,"8","10","v2","N",52,"1 ",NA,"5","8 ",NA,"1 ","1","4","0","DOLAKHA","85000",NA,"1400, 2 , 96 "
2476,3201,30102,"8","14","v2","Y",53,"1 ",NA,"1","7 ",NA,"1 ","5","0","0","DOLAKHA","400000",NA," , 2 , 2400"
2476,3201,30102,"8","14","v2","Y",53,"1 ",NA,"2","7 ",NA,"1 ","8","0","0","DOLAKHA","2300000",NA," , 1 , 5000"
2501,2310,20612,"3","4","v2","Y",27,"1 ",NA,"1","2 ",NA,"2 ","5","0","0","BARA","18000000",NA," , 1 , 60000"
2505,3211,31101,"7","2","v2","Y",27,"1 ",NA,"1","1 ",NA,"2 ","0","8","0",NA,"2500000",NA,"2 , AAFAI KHETI GAREKO"
2511,2310,20612,"3","3","v2","Y",26,"1 ",NA,"3","2 ",NA,"2 ","1","5",NA,"RAUTAHAT","12500000",NA,"2 , DHAN GAHU 45 QUENTAL"
2512,3211,31101,"7","2","v2","Y",26,"1 ",NA,"1","6 ",NA,"2 ","0","15","0","SINDHULI","6000000",NA," , 2 , 50"
2512,3211,31101,"7","2","v2","Y",26,"1 ",NA,"2","6 ",NA,"2 ","0","5","0","SINDHULI","2000000",NA," , 2 , 50"
2513,3211,31101,"7","1","v2","Y",26,"1 ",NA,"1","6 ",NA,"2 ","0","8","0","SINDHULI","1800000",NA," , 2 , 50"
2513,3211,31101,"7","1","v2","Y",26,"1 ",NA,"2","6 ",NA,"2 ","0","8","0","SINDHULI","3200000",NA," , 2 , 50"
2513,3211,31101,"7","1","v2","Y",26,"1 ",NA,"3","6 ",NA,"2 ","0","6","0","SINDHULI","2400000",NA," , 2 , 50"
2513,3211,31101,"7","1","v2","Y",26,NA,NA,"4","6 ",NA,"2 ","0","3","0","SINDHULI","10000000",NA," , 2 , 50"
2543,7106,70811,"7","4","v2","Y",73,"1 ",NA,"3","6 ",NA,"2 ","3","0","0","KAILALI","9000000",NA,"2 , 4500 KG"
2556,3107,30608,"19","7","v2","Y",92,"1 ",NA,"1","3 ",NA,"2 ","1","6","12","KAPILVASTU","57200000",NA," , 1 , 80000"
2614,7106,70811,"7","3","v2","Y",72,"1 ",NA,"0","8 ",NA,"2 ","0","5","0","KAILALI","1500000",NA,"1 , 150000"
2616,7106,70811,"7","4","v2","Y",72,"1 ",NA,"1","8 ",NA,"2 ","0","5","0",NA,"150000",NA,"1 , 25000"
2628,7206,70811,"7","10","v2","Y",72,"1 ",NA,"2","6 ",NA,"2 ","0","1","0","KAILALI","400000",NA,"2 , OVERALL 1.5 QUINTAL VEGETABLE"
2630,7106,70811,"7","7","v2","Y",72,"1 ",NA,"00","8 ",NA,"2 ","0","7","0","KAILALI","80000",NA,"2 , 22000 DAM KO ANNA BALI"
2635,1209,11214,"18","3","v2","Y",24,"1 ",NA,"2","7 ",NA,"2 ","1","0","0","MORANG","4000000",NA,"2 , 25 MAN"
2635,1209,11214,"18","3","v2","Y",24,"1 ",NA,"3","8 ",NA,"2 ","0","10","0","MORANG","2000000",NA,"1 , 1000"
2636,1209,11214,"18","4","v2","Y",24,"1 ",NA,"2","8 ",NA,"2 ","0","10","0","MORANG","2000000",NA," , 2 , 75000"
2636,1209,11214,"18","4","v2","Y",24,NA,NA,"3","8 ",NA,"2 ","0","10","0","MORANG","2000000",NA," , 2 , 65000"
2637,1109,11214,"18","5","v2","Y",24,"1 ",NA,"1","2 ",NA,"2 ","0","3","0","MORANG","900000",NA,"2 , 4 MAN DHAN DINE GARXAN"
2650,3206,30604,"11","11","v3","Y",93,"1 ",NA,"1","7 ",NA,"1 ","1","4","0","KATHMANDU","50000000",NA," , 1 , 175000"
2652,3206,30604,"11","12","v3","Y",94,"1 ",NA,"1","3 ",NA,"1 ","2","0","0","KATHMANDU","5000000",NA," , 1 , 190000"
2791,1108,11211,"9","7","v3","Y",22,"1 ",NA,"1","6 ",NA,"2 ","0","14","0","MORANG","3500000",NA," , 2 , 45000"
2792,1208,11211,"9","8","v3","Y",22,"1 ",NA,"2","2 ",NA,"2 ","4","0","0","MORANG","8000000",NA," , 100000, 2 "
2793,1108,11211,"9","9","v3","Y",22,"1 ",NA,"2","7 ",NA,"2 ","2","0","0","MORANG","12000000",NA," , 2 , 80000"
2793,1108,11211,"9","9","v3","Y",22,"1 ",NA,"3","7 ",NA,"2 ","1","10","0","MORANG","3000000",NA," , 2 , 50000"
2809,5104,50703,"3","1","v3","Y",55,"1 ",NA,"1","2 ",NA,"2 ","1","0","0","NAWALPARASI","300000",NA," , 2 , 50000"
2825,6101,60303,"2","6","v3","Y",61,"1 ",NA,"1","2 ",NA,"1 ","0","1","8","HUMLA","60000",NA," , 2 , 5400"
2825,6101,60303,"2","6","v3","Y",61,"1 ",NA,"2","2 ",NA,"1 ","1","0","0","HUMLA","45000",NA," , 2 , 3000"
2825,6101,60303,"2","6","v3","Y",61,"1 ",NA,"3","2 ",NA,"1 ","0","15","0","HUMLA","45000",NA," , 2 , 3000"
2825,6101,60303,"2","6","v3","Y",61,"1 ",NA,"4","2 ",NA,"1 ","0","10","0","HUMLA","30000",NA,"2 , 2000, 96 "
2861,1211,11306,"5","6","v3","Y",12,"1 ",NA,"1","3 ",NA,"2 ",NA,"10",NA,"MORANG","3000000",NA,"15 MAN, 2 "
2867,3106,30604,"11","9","v3","Y",92,"1 ",NA,"1","3 ",NA,"2 ","0","5","0","MAKAWANPUR","5000000",NA," , 1 , 4000"
2877,2107,20613,"5","7","v3","Y",27,"1 ",NA,"1",NA,NA,"2 ","3","3","0","RAUTAHAT","20000000",NA,"DHAN,GAHU,DAAL"
2895,1208,11211,"9","10","v3","Y",23,"1 ",NA,"1","3 ",NA,"2 ","1","10","0","MORANG","24000000",NA," , 1 , 45000"
2895,1208,11211,"9","10","v3","Y",23,"1 ",NA,"2","3 ",NA,"2 ","1","0","0","MORANG","16000000",NA," , 1 , 20000"
2899,1208,11211,"9","10","v3","Y",22,"1 ",NA,"1","7 ",NA,"2 ","2","0","0","MORANG","20000000",NA," , 2 , 35000"
2911,4104,40605,"6","2","v3","Y",44,"1 ",NA,"3","8 ",NA,"1 ","12","6",NA,"LAMJUNG","1200000",NA," , 1 , 60000"
2915,4104,40605,"6","3","v3","Y",44,"1 ",NA,"7",NA,NA,"1 ",NA,"8",NA,"LAMJUNG","50000",NA," , 0"
2947,4317,40806,"17","8","v3","Y",56,"1 ",NA,"1","1 ",NA,NA,NA,"10","10","NAWALPUR","600000",NA," , 1 , 45000"
2949,4317,40806,"17","4","v3","Y",55,"1 ",NA,"1","2 ",NA,"2 ","1","7","0","RAUTAHAT","3500000",NA," , 1 , 80000"
2955,4317,40806,"17","6","v3","Y",58,NA,NA,"2","6 ",NA,"2 ","0","17","0","NAWALPUR","3400000",NA," , 2 , 20000"
2983,1317,11307,"8","19","v3","Y",13,"1 ",NA,"1","3 ",NA,"2 ","0","15","0","SUNSARI","1800000",NA," , 2 , 36000"
3021,1109,11214,"18","3","v3","Y",22,"1 ",NA,"1","6 ",NA,"2 ","0","5","0","MORANG","500000",NA," , 2 , 7000"
3046,5102,50601,"7","8","v3","Y",51,"1 ",NA,"3","7 ",NA,"1 ","3","00","00","PALPA",NA,NA," , 1 , RS.15000 PAID FOR LAND LEASE"
3064,5102,50601,"7","4","v3","Y",52,"1 ",NA,"1","2 ",NA,"1 ","3","0","0","PALPA","1800000",NA," , 2 , 7 MURI DHAN, 6 KG DAAL, 16 PATHI MAKAI"
3072,5102,50601,"7","8","v3","Y",52,"1 ",NA,"3","4 ",NA,"1 ","0","25","0","PALPA","6500000",NA," , 1 , 32000"
3073,5202,50601,"7","7","v3","Y",53,"1 ",NA,"2","6 ",NA,"1 ","2","0","0","PALPA","2500000",NA," , 2 , DHAN 13 MURI PAYAKO"
3074,5102,50601,"7","9","v3","Y",53,NA,NA,"2","8 ",NA,"1 ","6","0","0","PALPA","2400000",NA," , 1 , 70000"
3089,1108,11211,"9","11","v4","Y",23,"1 ",NA,"1","3 ",NA,"2 ","1","0","0","MORANG","3500000",NA," , 1 , 30000"
3123,6201,60303,"2","7","v4","Y",62,"1 ",NA,"3","7 ",NA,"1 ","1",NA,NA,"HUMLA","600000",NA," , 1 , 25000"
3131,5202,50601,"7","10","v4","Y",51,"1 ",NA,"1","2 ",NA,"1 ","3","00","00","PALPA","00",NA," , 2 , 7  MURI DHAN PAYAKO"
3131,5202,50601,"7","10","v4","Y",51,"1 ",NA,"2","8 ",NA,"1 ","3","00","00","PALPA","00",NA," , 1 , 22000 TIRAYKO"
3132,5104,50703,"3","3","v4","Y",55,"1 ",NA,"1","1 ",NA,"2 ","0","9","0","NAWALPARASI","360000",NA," , 0000"
3132,5104,50703,"3","3","v4","Y",55,"1 ",NA,"2","1 ",NA,"2 ","0","9","10","NAWALPARASI","400000",NA," , SKIP HUNU PARNE"
3133,5202,50601,"7","9","v4","Y",51,"1 ",NA,"2","1 ",NA,"1 ","6","00","00","PALPA","4000000",NA," , 00, 1 "
3143,5104,50703,"3","5","v4","Y",57,"1 ",NA,"1","1 ",NA,"2 ","1","20","400","NAWALPARASI","500000",NA," , 150000, 2 "
3153,5104,50703,"3","8","v4","Y",57,"1 ",NA,"1",NA,NA,"2 ","1","0","0","NAWALPARASI","3000000",NA," , 0, 2 "
3161,6307,60202,"2","7","v4","Y",63,"1 ",NA,"2","2 ",NA,"1 ","1","5","0","HUMLA","600000",NA," , 2 , KHADHAN BALI 200KG"
3161,6307,60202,"2","7","v4","Y",63,"1 ",NA,"3","2 ",NA,"1 ","10","0","0","HUMLA","50000",NA," , 2 , KHADHYAN BALI 20 KG"
3161,6307,60202,"2","7","v4","Y",63,"1 ",NA,"4","2 ",NA,"1 ","0","12","0","HUMLA","50000",NA," , 2 , KHADHAYAN BALI 15 KG"
3161,6307,60202,"2","7","v4","Y",63,"1 ",NA,"6","2 ",NA,"1 ","0","14","0","HUMLA","90000",NA," , 2 , KHADHAYAN BALI 15 KG"
3174,2107,20613,"5","8","v4","Y",26,"1 ",NA,"4","6 ",NA,"2 ","0","5","0","RAUTAHAT","0",NA," , 2 , 3 QUENTAL DHAN ,1 QUENTAL GAHU"
3177,5202,50601,"7","11","v4","Y",51,"1 ",NA,"1","3 ",NA,"1 ","1","00","00","SYANGJA","150000",NA," , 1 , 3900 CASH RECEIVED"
3179,5202,50601,"7","4","v4","Y",51,"1 ",NA,"3","3 ",NA,"1 ","3","00","00","PALPA","1500000",NA," , 1 , 13333"
3180,5102,50601,"7","6","v4","Y",51,"1 ",NA,"3","6 ",NA,"1 ","3","00","00","PALPA","00",NA," , 2 , 7.5 MURI"
3181,5102,50601,"7","3","v4","Y",51,"1 ",NA,"3","3 ",NA,"1 ","3","00","00","PALPA","2400000",NA," , 1 , 13333"
3199,5102,50601,"7","11","v4","Y",54,"1 ",NA,"1","4 ",NA,"1 ","8",NA,NA,NA,"6000000",NA," , 1 , 200000"
3201,5202,50601,"7","9","v4","Y",52,"1 ",NA,"2","2 ",NA,"1 ","0","10","0","PALPA","1800000",NA," , 1 , 3000"
3203,5202,50601,"7","9","v4","Y",54,"1 ",NA,"1","3 ",NA,"1 ","3",NA,NA,"PALPA","500000",NA," , 1 , 200000"
3241,1208,11211,"9","1","v4","Y",24,"1 ",NA,"4","7 ",NA,"2 ","10","0","0","MORANG","10000000",NA,"1 , 250000"
3249,1108,11211,"9","2","v4","Y",24,"1 ",NA,"2","7 ",NA,"2 ","10","0","0","MORANG","15000000",NA,"1 , 400000"
3269,3206,30604,"11","7","v5","Y",93,"1 ",NA,"1","6 ",NA,"2 ","0","6","0","RUPANDEHI","36000000",NA," , 2 , 80000"
3272,3206,30604,"11","1","v5","Y",93,"1 ",NA,"1","6 ",NA,"2 ","0","6","0","DOLAKHA","800000",NA,"2 , 20000"
3276,7410,70813,"4","1","v5","Y",73,"1 ",NA,"1","2 ",NA,"2 ","0","10","0","KANCHANPUR","15000000",NA,"2 , 34400"
3278,7310,70813,"4","2","v5","Y",74,"1 ",NA,"1","2 ",NA,"2 ","1","0","0","KAILALI","10000000",NA," , 2 , 41600"
3288,3106,30604,"11","4","v5","Y",92,"1 ",NA,"1","2 ",NA,"2 ","1","0","0","NAWALPUR","6000000",NA," , 1 , 75000"
3290,7310,70813,"4","1","v5","Y",74,"1 ",NA,"1","2 ",NA,"2 ","1","0","0","KAILALI","15000000",NA," , 2 , 80000"
3311,5202,50601,"7","2","v5","Y",54,"1 ",NA,"1","4 ",NA,"1 ","3",NA,NA,"PALPA","2600000",NA,"1 , 100000"
3321,5101,50403,"3","2","v5","Y",54,"1 ",NA,"1","1 ",NA,"1 ","3",NA,NA,"GULMI","200000",NA," , 1 , 30000"
3324,3211,31101,"7","2","v5","Y",28,"1 ",NA,NA,"1 ",NA,NA,NA,"14",NA,"SINDHULI","200000",NA," , 1 , 40000"
3336,3211,31101,"7","4","v5","Y",28,"1 ",NA,NA,"1 ",NA,"2 ",NA,NA,NA,"SINDHULI","40000000",NA," , NO"
3352,5202,50601,"7","13","v5","Y",53,"1 ",NA,"3","6 ",NA,"1 ","0","10","0","PALPA","4500000",NA," , 2 , 30KG"
3353,5202,50601,"7","12","v5","Y",53,"1 ",NA,"1","7 ",NA,"1 ","2","0","0","PALPA","6200000",NA," , 1 , 15000"
3355,5102,50601,"7","11","v5","Y",53,"1 ",NA,"2","4 ",NA,"1 ","2","8","0","PALPA","2000000",NA," , 1 , 110000"
3356,5102,50601,"7","8","v5","Y",53,"1 ",NA,"4","6 ",NA,"1 ","6","0","0","PALPA","6000000",NA," , 2 , DHAN 15MURI,MAKAI 2 MURI"
3373,1208,11211,"9","3","v5","Y",24,"1 ",NA,"2","7 ",NA,"2 ","1","10","0","MORANG","9000000",NA,"1 , 61500"
3397,1209,11214,"18","2","v5","Y",21,"1 ",NA,"2","3 ",NA,"2 ","2","0","0","MORANG","3500000",NA," , 1 , 30000"
3398,1108,11211,"9","1","v5","Y",22,"1 ",NA,"2","7 ",NA,"2 ","1","5","0","MORANG","5500000",NA,"2 , 40000"
3398,1108,11211,"9","1","v5","Y",22,"1 ",NA,"3","7 ",NA,"2 ","2","0","0","MORANG","6000000",NA,"2 , 30000"
3400,1109,11214,"18","1","v5","Y",21,"1 ",NA,"4","7 ",NA,"2 ","0","10","0","MORANG","3000000",NA," , 15000, 2 "
3400,1109,11214,"18","1","v5","Y",21,"1 ",NA,"5","7 ",NA,"2 ","0","10","0","MORANG","3000000",NA," , 15000, 2 "
3400,1109,11214,"18","1","v5","Y",21,"1 ",NA,"6","7 ",NA,"2 ","0","6","0","MORANG","3000000",NA," , 15000, 2 "
3403,1108,11211,"9","1","v5","Y",21,"1 ",NA,"1","8 ",NA,"2 ","0","10","0","MORANG","5000000",NA,"1 , 30000"
3403,1108,11211,"9","1","v5","Y",21,"1 ",NA,"2","8 ",NA,"2 ","0","10","0","MORANG","5000000",NA,"1 , 28000"
3409,1208,11211,"9","2","v5","Y",21,"1 ",NA,"2","3 ",NA,"2 ","0","4","0","MORANG","4000000",NA,"1 , 7000"
3441,1417,11307,"8","4","v5","Y",13,"1 ",NA,"1","3 ",NA,"1 ","30","0","0","OKHALDHUNGA","1500000",NA,"1 , 22500"
3488,2207,20613,"5","12","v5","Y",28,NA,NA,"2","2 ",NA,NA,NA,"3","10","RAUTAHAT",NA,NA," , 2 , DHAN 1 KUNTAL GHEHU 50KG"
3502,3201,30102,"8","1","v5","Y",52,"1 ",NA,"1","1 ",NA,"1 ","0","12","0","DOLAKHA","45000",NA," , 0, 1 "
3502,3201,30102,"8","1","v5","Y",52,"1 ",NA,"2","1 ",NA,"1 ","3","0","0","DOLAKHA","300000",NA," , 0, 1 "
3502,3201,30102,"8","1","v5","Y",52,"1 ",NA,"3","1 ",NA,"1 ","0","10","0","DOLAKHA","50000",NA," , 0"
3502,3201,30102,"8","1","v5","Y",52,"1 ",NA,"5","7 ",NA,"1 ","7","0","0","DOLAKHA","700000",NA," , 1 , 6000"
3603,3365,30703,"3","1","v5","Y",52,"1 ",NA,"1","2 ",NA,"1 ","8","00","0","SIDHUPALCHOWK","15000000",NA," , 2 , 200000"
3603,3365,30703,"3","1","v5","Y",52,"1 ",NA,"2","2 ",NA,"1 ","12","0","0","SIDHUPALCHOWK","17000000",NA," , 2 , 200000"
3603,3365,30703,"3","1","v5","Y",52,"1 ",NA,"3","2 ",NA,"1 ","13","0","0","SIDHUPALCHOWK","180000",NA," , 15000, 2 "
3603,3365,30703,"3","1","v5","Y",52,NA,NA,"4","2 ",NA,"1 ","16","0","0","SIDHUPALCHOWK","9000000",NA," , 2 , 60000"
3605,3365,30703,"3","6","v5","Y",52,"1 ",NA,"1","2 ",NA,"1 ","3","0","0","RAMECHHAP","900000",NA," , 2 , 40000"
3605,3365,30703,"3","6","v5","Y",52,"1 ",NA,"2","2 ",NA,"1 ","5","0","0","RAMECHHAP","2000000",NA," , 2 , 60000"
3639,3365,30703,"3","1","v5","Y",53,"1 ",NA,"1","3 ",NA,"1 ","1","0","0","SIDHUPALCHOWK","235000",NA,"1 , 60000"
3658,3105,30601,"4","2","v5","Y",94,"1 ",NA,"1","3 ",NA,"1 ","10","0","0","KATHMANDU","20000000",NA,"1 , 150000"
3672,3465,30703,"3","5","v5","Y",51,"1 ",NA,"3","3 ",NA,"1 ","5","0","0","SIDHUPALCHOWK","2000000",NA," , 1 , 100000"
3674,3105,30601,"4","1","v5","Y",92,"1 ",NA,"1",NA,NA,"1 ","3","0","0","KATHMANDU","96000000",NA,"1 , 25000"
3685,2208,20614,"1","2","v5","Y",26,"1 ",NA,"1","3 ",NA,"2 ","0","8","0","RAUTAHAT","800000",NA,"2 , DHAN 6 QUENTAL,GAHU 2 QUENTAL"
3688,7410,70813,"4","1","v5","Y",71,"1 ",NA,"1","3 ",NA,"2 ","0","10","0","KAILALI",NA,NA,"1 , 150000"
3709,3114,31303,"7","2","v5","Y",56,"1 ",NA,"2","3 ",NA,NA,NA,"1",NA,"CHITAWAN","700000",NA,"1 , 100"
3712,1315,11213,"2","3","v5","Y",23,"1 ",NA,"1","3 ",NA,"2 ","0","15","0","MORANG","50400000",NA,"1 , 28000"
3733,2208,20614,"1","4","v5","Y",26,"1 ",NA,"1","7 ",NA,"2 ","0","11","0","RAUTAHAT","50000000",NA,"2 , DHAN 5 QUENTAL,2 QUENTAL GAU"
3735,2108,20614,"1","2","v5","Y",27,"1 ",NA,"1","2 ",NA,NA,"1","2","0","RAUTAHAT","8500000",NA,"2 , 50000"
3748,2107,20613,"5","8","v5","Y",27,"1 ",NA,"1","2 ",NA,"2 ","1","0","5","RAUTAHAT","6000000",NA," , 1 , 5000000"
3748,2107,20613,"5","8","v5","Y",27,"1 ",NA,"2","2 ",NA,NA,NA,"10","0","RAUTAHAT","2000000",NA," , 2 , 40000"
3750,2107,20613,"4","12","v5","Y",27,"1 ",NA,"1","1 ",NA,NA,NA,"5","0","RAUTAHAT","1250000",NA," , 2 , 5000"
3752,2207,20613,"5","13","v5","Y",27,"1 ",NA,"1","6 ",NA,"2 ",NA,"10",NA,"RAUTAHAT","4000000",NA," , 15 MAN DIYAKO, 2 "
3771,3105,30601,"4","6","v5","Y",92,"1 ",NA,"1","2 ",NA,"1 ","2","0","0","KATHMANDU","9600000",NA,"1 , 10000"
3772,3105,30601,"4","5","v5","Y",92,"1 ",NA,"1",NA,NA,"1 ","1","3","0","KATHMANDU","14800000",NA,"1 , 20000"
3800,1111,11306,"5","1","v5","Y",1,"1 ",NA,"1","1 ",NA,"2 ",NA,"5",NA,"SUNSARI","3000000",NA," , 1 , SELF USE"
3817,1111,11306,"5","4","v5","Y",12,"1 ",NA,"1","3 ",NA,"2 ",NA,NA,"3","SUNSARI","2500000",NA," , 2 , 25000"
3838,1317,11307,"8","1","v5","Y",14,"1 ",NA,"1","2 ",NA,NA,NA,"5",NA,"UDAYAPUR","5000000",NA,"10000, 2 "
3868,1315,11213,"2","4","v5","Y",24,"1 ",NA,"1","7 ",NA,"2 ","1","0","0","MORANG","9000000",NA,"2 , 39000"
3876,7310,70813,"4","3","v5","Y",74,"1 ",NA,"2","6 ",NA,"2 ","1",NA,NA,"KAILALI","20000000",NA," , 2 , 50000"
3885,2410,20612,"3","5","v5","Y",26,"1 ",NA,"2","7 ",NA,"2 ","0","8","0","RAUTAHAT","4800000",NA,"1 , 25000"
3887,3205,30601,"4","8","v5","Y",94,"1 ",NA,"1","3 ",NA,"1 ","1","8","0","KATHMANDU","19000000",NA,"1 , 100000"
3908,3205,30601,"4","9","v5","Y",94,"1 ",NA,"1","3 ",NA,"1 ","1","0","0","KATHMANDU","16000000",NA,"1 , 60000"
3913,2208,20614,"2","7","v5","Y",26,"1 ",NA,"4","3 ",NA,"2 ","0","5","0","RAUTAHAT","250000",NA,"1 , 50000"
3918,7310,70813,"4","1","v5","Y",72,"1 ",NA,"1","6 ",NA,"2 ","1","0","0","KAILALI","6000000",NA," , 2 , DHAN,GAU"
3919,7310,70813,"4","2","v5","Y",72,"1 ",NA,"1","6 ",NA,"2 ","3","0","0","KAILALI","0",NA," , 1 , 40000"
3926,7107,70813,"19","3","v5","Y",72,NA,NA,"2","6 ",NA,"2 ","0","10","0","KAILALI","5000000",NA,"2 , YO SAL BHARKHAR LAGAKO"
3966,7207,70813,"4","10","v5","Y",71,"1 ",NA,"1","7 ",NA,"2 ","0","8","0","KAILALI","40000000",NA," , 2 , 35000"
3968,3105,30601,"4","3","v5","Y",91,"1 ",NA,"3","7 ",NA,"1 ","0","6","0","KATHMANDU","9000000",NA,"1 , 32000"
3972,3205,30601,"4","7","v5","Y",92,"1 ",NA,"1","2 ",NA,"1 ","0","5","0","SIDHUPALCHOWK","800000",NA,"1 , 4000"
3989,2410,20612,"3","5","v5","Y",25,"1 ",NA,"2","7 ",NA,"2 ",NA,"9",NA,"RAUTAHAT","1800000",NA,"2 , 27000"
4022,2108,20614,"1","10","v5","Y",27,"1 ",NA,"1","6 ",NA,"2 ","1","0","0","RAUTAHAT","200000",NA,"2 , DHAN ,GAHU"
4036,3210,30909,"10","16","v5","Y",51,"1 ",NA,"1","2 ",NA,"1 ","3","0","0","KAVREPALANCHOWK","2000000",NA,"2 , 5000"
4036,3210,30909,"10","16","v5","Y",51,"1 ",NA,"2","2 ",NA,"1 ","2","0","0","KAVREPALANCHOWK","100000",NA,"2 , 2000"
4070,3205,30601,"4","9","v5","Y",92,"1 ",NA,"1",NA,NA,"1 ","3","0","0","KATHMANDU","38400000",NA,"1 , 50000"
4075,2108,20614,"1","4","v5","Y",28,"1 ",NA,"1","2 ",NA,"2 ","1","0","0","RAUTAHAT","8000000",NA,"1 , 60000"
4107,7410,70813,"4","3","v5","N",73,"1 ",NA,"2","2 ",NA,"2 ","0","21","0","KAILALI","8400000",NA,"2 , 71100"
4109,7107,70813,"19","4","v5","N",73,"1 ",NA,"1","2 ",NA,"2 ","1","0","0","KAILALI","16000000",NA,"2 , 61400"
4115,7207,70813,"19","1","v5","N",73,"1 ",NA,"1","8 ",NA,"2 ","1","0","0","KAILALI","4000000",NA,"1 , 500000"
4120,7207,70813,"19","3","v5","N",73,"1 ",NA,"1","6 ",NA,"2 ","1","10","0","KAILALI","6000000",NA,"2 , 83600"
4121,3114,31303,"7","7","v5","N",56,"2 ",NA,"1",NA,NA,NA,NA,"4",NA,NA,"500000",NA,"2 , GHR KO BUWA LE DINE"
4142,1112,11309,"4","6","v5","N",23,"1 ",NA,"1","3 ",NA,"2 ","1","0","0","SUNSARI","3600000",NA,"2 , 40"
4142,1112,11309,"4","6","v5","N",23,"1 ",NA,"2","7 ",NA,"2 ","0","15","0","SUNSARI","4500000",NA,"2 , 30"
4143,1112,11309,"4","10","v5","N",23,"1 ",NA,"1","7 ",NA,"2 ","0","10","0","SUNSARI","7500000",NA,"1 , 30000"
4144,1112,11309,"4","5","v5","N",22,"1 ",NA,"1","7 ",NA,"2 ","0","18","0","SUNSARI","100000000",NA,"2 , 30000"
4145,1212,11309,"4","6","v5","N",22,"1 ",NA,"2","7 ",NA,"2 ","1","0","0","SUNSARI","4000000",NA,"2 , 20000"
4148,1315,11213,"2","1","v5","Y",21,"1 ",NA,"1","3 ",NA,"2 ","1","0","0","MORANG","5000000",NA,"1 , 40000"
4149,1212,11309,"4","9","v5","N",22,"1 ",NA,"1","7 ",NA,"2 ","1","5","0","SUNSARI","7500000",NA,"2 , 65000"
4149,1212,11309,"4","9","v5","N",22,"1 ",NA,"4","7 ",NA,"2 ","0","9","0","SUNSARI","2700000",NA,"2 , 25000"
4152,1208,11211,"9","3","v5","Y",21,"1 ",NA,"1","3 ",NA,"2 ","0","10","0","MORANG","1500000",NA,"18000, 2 "
4156,1108,11211,"9","13","v5","N",22,"1 ",NA,"2","3 ",NA,"2 ","0","10","0","MORANG","1000000",NA," , 15000"
4201,7107,70813,"19","1","v5","N",74,"1 ",NA,"1","2 ",NA,"2 ","0","10","0","KAILALI","3000000",NA,"2 , 20000"
4203,7207,70813,"19","9","v5","N",74,"1 ",NA,"1","2 ",NA,"2 ","0","10","0","KAILALI","3000000",NA,"2 , 50000"
4230,3201,30102,"8","4","v5","N",54,"1 ",NA,"1","1 ",NA,"1 ","6","0","0","DOLAKHA","800000",NA," , NO"
4230,3201,30102,"8","4","v5","N",54,"1 ",NA,"2","1 ",NA,"1 ","6","0","0","DOLAKHA","700000",NA," , 1 , NO"
4232,3101,30102,"8","14","v5","N",53,"1 ",NA,"1","2 ",NA,"1 ","1","0","0","DOLAKHA","60000",NA," , 2 , 8 PAATHI DHAAN"
4232,3101,30102,"8","14","v5","N",53,"1 ",NA,"2","1 ",NA,"1 ","5","0","0","DOLAKHA","240000",NA," , 2 , MAKAI,AALU,KODO,GAHU,SAAG,DHANIYA"
4232,3101,30102,"8","14","v5","N",53,"1 ",NA,"3","1 ",NA,"1 ","1","0","0","DOLAKHA","60000",NA," , 2 , MAKAI,KODO"
4235,2108,20614,"1","8","v5","N",28,"1 ",NA,"1","2 ",NA,NA,"1","0","0","SIDHUPALCHOWK","10000000",NA,"2 , DHAN 40 GEHU 20  MAN  MASULI 2MAN"
4235,2108,20614,"1","8","v5","N",28,NA,NA,"2","2 ",NA,NA,"1","0","0","RAUTAHAT","8000000",NA,"2 , 40 DHAN MAN GEHU 20 MAN TORI 5 MAN"
4235,2108,20614,"1","8","v5","N",28,NA,NA,"3","2 ",NA,NA,NA,"1","5","RAUTAHAT","4500000",NA,"2 , DHAN 4  MAN GEHU 2MAN"
4235,2108,20614,"1","8","v5","N",28,NA,NA,"4","2 ",NA,NA,NA,"30",NA,"RAUTAHAT","9000000",NA,"2 , DHAN 40 GEHU 5 MAN 2 MASURI MAN"
4245,3110,30909,"10","20","v5","N",53,"1 ",NA,"1","3 ",NA,"1 ","1","8","0","KAVREPALANCHOWK","72000000",NA,"1 , 15000"
4246,3210,30909,"10","7","v5","N",53,"1 ",NA,"2","7 ",NA,"1 ","1","0","0","KAVREPALANCHOWK","500000",NA,"1 , 10000"
4247,3210,30909,"10","8","v5","N",53,"1 ",NA,"1","7 ",NA,"1 ","3","27","0","KAVREPALANCHOWK","30000000",NA,"1 , 46000"
4283,1104,10804,"9","7","v5","N",14,"1 ",NA,"1","2 ",NA,"1 ","4","0","0","TERHATHUM","1200000",NA,"2 , 5500"
4305,1204,10804,"9","9","v5","N",12,"1 ",NA,"1","7 ",NA,"1 ","24",NA,NA,"TERHATHUM","4800000",NA,"1 , 20000"
4322,6307,60202,"2","8","v5","N",64,NA,NA,"5","3 ",NA,"1 ","0","4","0","MUGU","8000000",NA," , 1 , 10000"
4444,1104,10804,"9","12","v5","N",13,"1 ",NA,"2","3 ",NA,"1 ","42","0","0","TERHATHUM","4200000",NA,"100000, 2 "
4446,3205,30601,"4","11","v5","N",92,"1 ",NA,"1",NA,NA,"1 ","5","0","0","SIDHUPALCHOWK","1000000",NA,"1 , 2000"
4481,5103,50609,"1","11","v5","N",53,"1 ",NA,"2","2 ",NA,"1 ","3","0","0","PALPA","2000000",NA,"2 , 7.5MURI DHAN"
4484,5103,50609,"1","9","v5","N",53,"1 ",NA,"2","2 ",NA,"1 ","3","10","0","PALPA","7500000",NA,"2 , 20KG AALU"
4485,5203,50609,"1","8","v5","N",53,"1 ",NA,"2","2 ",NA,"1 ","5","0","0","PALPA","750000",NA,"2 , 7MURI,PARAL7000"
4489,5103,50609,"1","3","v5","N",53,"1 ",NA,"2","6 ",NA,"1 ","2","0","0","PALPA","350000",NA,"1 , 1800"
4490,5203,50609,"1","2","v5","N",53,"1 ",NA,"2","2 ",NA,"1 ","12","0","0","PALPA","3500000",NA,"2 , DHAN 25MURI"
4498,6104,60608,"6","11","v5","N",62,"1 ",NA,"1","6 ",NA,"1 ","70","0","0","DAILEKH","2000000",NA,"2 , 9000"
4498,6104,60608,"6","11","v5","N",62,"1 ",NA,"2","6 ",NA,"1 ","20","0","0","DAILEKH","1000000",NA,"0, 1 "
4506,6102,60404,"2","6","v5","N",62,NA,NA,"1","2 ",NA,"1 ","1","5","0","JUMLA","4500000",NA,"15000, 2 "
4508,3205,30601,"4","12","v5","N",93,"1 ",NA,"1","6 ",NA,"1 ","0","10",NA,"KATHMANDU","10000000",NA,"1 , 10000"
4511,7107,70813,"19","10","v5","N",74,"1 ",NA,"1","2 ",NA,"2 ","0","15","0","KAILALI","5000000",NA,"2 , 50000"
4519,5103,50609,"1","4","v5","N",53,NA,NA,"3","7 ",NA,"1 ","4","0","0","PALPA","400000",NA,"1 , 8000"
4531,1212,11309,"4","13","v5","N",22,"1 ",NA,"2","7 ",NA,"2 ","0","9","0","SUNSARI","4500000",NA,"2 , 21600"
4535,1212,11309,"4","17","v5","N",22,"1 ",NA,"2","7 ",NA,"2 ","1","5","0","SUNSARI","7500000",NA,"2 , 75000"
4563,6202,60404,"3","7","v5","N",64,"1 ",NA,"5","3 ",NA,"1 ","1","0","0","JUMLA","1000000",NA,"0, 2 "
4563,6202,60404,"3","7","v5","N",64,"1 ",NA,"6","3 ",NA,"1 ","1","3","5","JUMLA","1500000",NA,"1 , 45000"
4567,7107,70813,"19","4","v5","N",73,"1 ",NA,"2","6 ",NA,"2 ","0","6","0","KAILALI","240000",NA,"2 , 31800"
4569,7107,70813,"19","6","v5","N",73,"1 ",NA,"4","4 ",NA,"2 ","0","10","0","KAILALI","3000000",NA,"1 , 200000"
4570,7107,70813,"19","7","v5","N",73,"1 ",NA,"2","6 ",NA,"1 ","0","10","0","KAILALI","1500000",NA,"2 , 45600"
4573,7207,70813,"19","10","v5","N",71,"1 ",NA,"2","4 ",NA,"2 ","0","5","0","KAILALI","4000000",NA,"145000, 2 "
4594,6101,60303,"5","1","v5","N",62,"1 ",NA,"1","3 ",NA,"1 ","1",NA,NA,"BANKE","500000",NA," , 1 , 100000"
4605,7107,70813,"19","7","v5","N",72,"1 ",NA,"2","6 ",NA,"2 ","0","10","0","KAILALI","2000000",NA,"2 , 30000"
4607,7207,70813,"19","9","v5","N",72,"1 ",NA,"1","6 ",NA,"2 ","1","0","0","KAILALI","3000000",NA,"148225, 2 "
4607,7207,70813,"19","9","v5","N",72,"1 ",NA,"2","6 ",NA,"2 ","1","0","0","KAILALI","3000000",NA,"148225, 2 "
4614,5103,50609,"1","5","v5","N",52,"1 ",NA,"1","2 ",NA,"1 ","18","0","0","PALPA","3500000",NA,"2 , 20 MURI DHAN"
4625,5103,50609,"1","7","v5","N",54,"1 ",NA,"2","6 ",NA,"1 ","25",NA,NA,"PALPA","2550000",NA,"2 , 30 MURI DHAN DIYEKO"
4631,1212,11309,"4","15","v5","N",23,"1 ",NA,"1","7 ",NA,"2 ","1","10","0","SUNSARI","3000000",NA,"2 , 84000"
4637,1104,10804,"9","17","v5","N",12,"1 ",NA,"1","3 ",NA,"1 ","15",NA,NA,"TERHATHUM","1200000",NA,"2 , 60000"
4650,1318,NA,"7","2","v5","N",13,"1 ",NA,"1","3 ",NA,"2 ","0","15","0","SAPTARI","1500000",NA,"1 , 15000"
4660,7207,70813,"19","8","v5","N",73,"1 ",NA,"5","6 ",NA,"2 ","0","10","0","KAILALI","5000000",NA,"2 , 39200"
4661,7207,70813,"19","9","v5","N",73,"1 ",NA,"2","8 ",NA,"2 ","0","7","0","KAILALI","2100000",NA,"1 , 150000"
4662,7108,70901,"3","10","v5","N",73,"1 ",NA,"2","8 ",NA,"2 ","0","5","0","KAILALI","2500000",NA,"2 , 50000"
4663,7208,70901,"3","11","v5","N",73,"1 ",NA,"2","6 ",NA,"2 ","0","10","0","KAILALI","8000000",NA,"2 , 21000"
4666,4101,40204,"9","9","v5","N",42,"1 ",NA,"1","3 ",NA,"1 ","6","0","0","MANANG","2200000",NA,"1 , 70000"
4672,4101,40204,"9","3","v5","N",42,"1 ",NA,"1","8 ",NA,"1 ","1",NA,NA,"MANANG",NA,NA,"1 , 10000"
4677,3365,30703,"3","3","v5","N",51,"1 ",NA,"1","3 ",NA,"2 ","4","0","0","SARLAHI","32000000",NA," , 1 , 800000"
4692,3101,30102,"8","19","v5","N",51,"1 ",NA,"2","2 ",NA,"1 ","1","0","0","DOLAKHA","30000",NA," , 2 , 60 KG"
4702,3101,30102,"8","20","v5","N",51,"1 ",NA,"4","2 ",NA,"1 ","2","0","0","DOLAKHA","300000",NA," , 2 , 6000"
4704,3412,31304,"16","11","v5","N",56,"1 ",NA,"1","3 ",NA,NA,NA,"5",NA,NA,"6000000",NA,"1 , 20000"
4714,5203,50609,"1","7","v5","N",51,"1 ",NA,"2","6 ",NA,"1 ","4","00","00","PALPA","00",NA,"1, 2 "
4716,7107,70813,"19","6","v5","N",74,"1 ",NA,"1","6 ",NA,"2 ","1","0","0","KAILALI","10000000",NA,"2 , 40000"
4717,7207,70813,"19","7","v5","N",74,"1 ",NA,"1","6 ",NA,"2 ","2","0","0","KAILALI","10000000",NA,"2 , 50000"
4753,1317,11307,"8","1","v5","N",13,"1 ",NA,"1","3 ",NA,"2 ","1","15",NA,"JHAPA","7800000",NA,"1 , 45000"
4771,1112,11309,"4","8","v5","N",24,"1 ",NA,"1","7 ",NA,"2 ","1","0","0","SUNSARI","10000000",NA,"2 , 20  MAN DHAN DIYEKO"
4773,1212,11309,"4","10","v5","N",24,"1 ",NA,"2","8 ",NA,"2 ","5","0","0","SUNSARI","1500000",NA,"1 , 100000"
4790,3210,30909,"10","19","v5","N",51,"1 ",NA,"3","7 ",NA,"1 ","2","8","0","KAVREPALANCHOWK","24000000",NA,"1 , 30000"
4790,3210,30909,"10","19","v5","N",51,"1 ",NA,"4","7 ",NA,"1 ","2","0","0","KAVREPALANCHOWK","6000000",NA,"1 , 20000"
4795,1212,11309,"4","15","v5","N",24,NA,NA,"1","7 ",NA,"2 ","1","0","0","SUNSARI","20000000",NA,"1 , 20000"
4800,1112,11309,"4","14","v5","N",23,"1 ",NA,"1","7 ",NA,"2 ","1","0","0","SUNSARI","30000000",NA,"1 , 56000"
4812,1109,11214,"18","1","v5","N",22,"1 ",NA,"852","1 ",NA,"2 ","1","0","0","MORANG","5000000",NA," , NO"
4815,1104,10804,"9","13","v5","N",14,"1 ",NA,"1","2 ",NA,"1 ","20","0","0","TERHATHUM","1200000",NA,"2 , DHANN 8000"
4821,1112,11309,"4","8","v5","N",23,"1 ",NA,"2","3 ",NA,"2 ","0","5","0","SUNSARI","150000",NA,"1 , 12000"
4824,1211,11306,"5","1","v5","N",14,"1 ",NA,"2","2 ",NA,"2 ",NA,"12",NA,"SUNSARI","4000000",NA," , 18000, 2 "
4826,5103,50609,"1","2","v5","N",51,"1 ",NA,"2","6 ",NA,"1 ","6","00","00","PALPA","00",NA,"1 , 1500"
4834,1211,11306,"5","1","v5","N",13,"1 ",NA,"1","2 ",NA,"2 ",NA,"15",NA,"SUNSARI","10000000",NA," , 2 , 30000"
4854,1111,11306,"5","8","v5","N",13,"1 ",NA,"1","3 ",NA,"2 ",NA,"10",NA,"SUNSARI","2000000",NA," , 2 , 25000"
4863,3210,30909,"10","9","v5","N",53,"1 ",NA,"1","7 ",NA,"1 ","2","0","0","KAVREPALANCHOWK","10000000",NA,"1 , 35000"
4866,7108,70901,"3","12","v5","N",74,"1 ",NA,"4","8 ",NA,"2 ","0","5","0","KANCHANPUR","500000",NA,"2 , 20000"
4867,7208,70901,"3","13","v5","N",74,"1 ",NA,"2","8 ",NA,"2 ","1","0","0","KANCHANPUR","5000000",NA,"1 , 15000"
4868,5201,50403,"3","9","v5","N",51,"1 ",NA,"00","1 ",NA,"1 ","4","08","00","GULMI","3200000",NA," , 00, 1 "
4868,5201,50403,"3","9","v5","N",51,"1 ",NA,"12","1 ",NA,"1 ","3","00","00","GULMI","1200000",NA," , 00, 1 "
4870,3312,31304,"16","12","v5","N",58,"1 ",NA,"1","7 ",NA,"2 ","0","7","0","CHITAWAN","0",NA,"1 , 18000"
4883,3201,30102,"8","2","v5","N",51,"1 ",NA,"1","1 ",NA,"1 ","1","0","0","DOLAKHA","70000",NA," , NO"
4883,3201,30102,"8","2","v5","N",51,"1 ",NA,"9","7 ",NA,"1 ","6","0","0","DOLAKHA","50000",NA,"1 , 1300, 3 "
4899,3210,30909,"10","3","v5","N",53,"1 ",NA,"1","3 ",NA,"1 ","10","0","0","KAVREPALANCHOWK","80000000",NA,"1 , 200000"
4899,3210,30909,"10","3","v5","N",53,"1 ",NA,"2","3 ",NA,"1 ","4","0","0","KAVREPALANCHOWK","32000000",NA,"1 , 12000"
4901,1212,11309,"4","2","v5","Y",21,"1 ",NA,"1","7 ",NA,"2 ","0","10","0","SUNSARI","5000000",NA,"2 , 28000"
4902,1112,11309,"4","6","v5","Y",21,"1 ",NA,"1","7 ",NA,"2 ","0","5","0","MORANG","500000",NA,"1 , 10000"
4902,1112,11309,"4","6","v5","Y",21,"1 ",NA,"2","3 ",NA,"2 ","0","12","0","SUNSARI","12000000",NA,"19000, 2 "
4903,2110,20807,"26","14","v5","N",28,"1 ",NA,"1","7 ",NA,"2 ",NA,"10","0","PARSA","3000000",NA,"2 , DHAN10 KUNTAL"
4938,3488,30608,"30","4","v5","N",91,"1 ",NA,"1","2 ",NA,"1 ","1","0","0","OKHALDHUNGA","1000000",NA,"12000, 2 "
4942,3320,30608,"29","14","v5","N",94,"1 ",NA,"1","3 ",NA,"1 ","6","0","0","RAMECHHAP","38400000",NA,"1 , 50000"
4949,7108,70901,"3","12","v5","N",73,"1 ",NA,"2","6 ",NA,"2 ","0","6","0","KAILALI","1800000",NA,"18600, 2 "
4950,7208,70901,"3","13","v5","N",73,"1 ",NA,"2","6 ",NA,"2 ","0","10","0","KAILALI","8000000",NA,"2 , 20000"
4951,3385,30608,"19","15","v5","N",92,"2 ",NA,"1","2 ",NA,"1 ","2",NA,NA,"SIDHUPALCHOWK","25000",NA,"1 , 20000"
4956,3312,31304,"16","13","v5","N",57,"1 ",NA,"1","7 ",NA,"2 ","0","8","0","NAWALPUR","0",NA,"1 , 35000"
4961,3203,30212,"2","6","v5","N",53,"1 ",NA,"3","6 ",NA,"1 ","4","0","0","SIDHUPALCHOWK","1700000",NA,"2 , RS.7000"
4963,3109,30803,"8","14","v5","N",58,"1 ",NA,"3","7 ",NA,"1 ","1","0","0","LALITPUR","0",NA,"1 , 20000"
4964,3209,30803,"8","15","v5","N",58,"1 ",NA,"1","7 ",NA,"1 ","1","0","0","LALITPUR","9000000",NA,"1 , 20000"
4981,7108,70901,"3","13","v5","N",71,"1 ",NA,"4","6 ",NA,"2 ","1","0","0","KANCHANPUR","0",NA,"2 , 34000"
4982,7208,70901,"3","14","v5","N",71,"1 ",NA,"2","3 ",NA,"2 ","0","10","0","KANCHANPUR","3500000",NA,"2 , 45000"
4995,4103,40602,"4","3","v5","N",43,"1 ",NA,"1","2 ",NA,"1 ","5",NA,NA,"LAMJUNG","400000",NA," , 2 , 32000"
5028,3203,30212,"2","16","v5","N",51,"1 ",NA,"3","2 ",NA,"1 ","2","0","8","SIDHUPALCHOWK","200000",NA,"2 , निःशुल्क दिएको आफ्नै भाइले गरेर खाने"
5031,7208,70901,"3","16","v5","N",71,"1 ",NA,"1","3 ",NA,"2 ","0","15","0","KANCHANPUR","4500000",NA,"2 , 64000"
5032,7208,70901,"3","15","v5","N",71,NA,NA,"2","6 ",NA,"2 ","0","6","0","KANCHANPUR","1800000",NA,"2 , 65000"
5037,1205,10805,"2","8","v5","N",11,"1 ",NA,"1","3 ",NA,"1 ","3",NA,NA,"TERHATHUM","1200000",NA,"1 , 25000"
5076,6104,60608,"6","1","v5","N",64,"1 ",NA,"2","2 ",NA,"1 ","0","8","0","DAILEKH","50000",NA,"00, 2 "
5076,6104,60608,"6","1","v5","N",64,"1 ",NA,"3","4 ",NA,"1 ","2","0","0","DAILEKH","70000",NA,"0, 1 "
5076,6104,60608,"6","1","v5","N",64,"1 ",NA,"4","2 ",NA,"1 ","3","0","0","DAILEKH","100000",NA,"0, 1 "
5076,6104,60608,"6","1","v5","N",64,"1 ",NA,"5","2 ",NA,"1 ","3","0","0","DAILEKH","50000",NA,"0, 1 "
5076,6104,60608,"6","1","v5","N",64,"1 ",NA,"6","2 ",NA,"1 ","6","0","0","DAILEKH","50000",NA,"0, 1 "
5076,6104,60608,"6","1","v5","N",64,"1 ",NA,"7","2 ",NA,"1 ","6","0","0","DAILEKH","300000",NA,"0, 1 "
5076,6104,60608,"6","1","v5","N",64,"1 ",NA,"9","2 ",NA,"1 ","2","0","0","DAILEKH","50000",NA,"0, 1 "
5076,6104,60608,"6","1","v5","N",64,"1 ",NA,"10","2 ",NA,"1 ","6","0","0","DAILEKH","200000",NA,"0, 1 "
5080,6204,60608,"3","8","v5","N",64,NA,NA,"4","6 ",NA,"1 ","2","0","0","DAILEKH","100000",NA,"0, 1 "
5082,3210,30909,"10","12","v5","N",54,"1 ",NA,"3","7 ",NA,"1 ","3","8","0","KAVREPALANCHOWK","10000000",NA,"1 , 50000"
5082,3210,30909,"10","12","v5","N",54,"1 ",NA,"4","6 ",NA,"1 ","0","13","0","KAVREPALANCHOWK","10000000",NA,"2 , 9000"
5110,2210,20807,"26","16","v5","N",26,"1 ",NA,"2","6 ",NA,"2 ","0","2","0","PARSA","40000000",NA,"1 QUENTAL DHAN,25 KG GAHU, 2 "
5116,2110,20807,"26","11","v5","N",26,"1 ",NA,"1","4 ",NA,"2 ","0","11","0","PARSA","4400000",NA,"1 , 350000"
5116,2110,20807,"26","11","v5","N",26,"1 ",NA,"2","4 ",NA,"2 ","0","12","0","PARSA","4200000",NA,"1 , 200000"
5119,2210,20807,"26","12","v5","N",26,"1 ",NA,"1","3 ",NA,"2 ","0","12","0","PARSA","4800000",NA,"2 , DHAN 6 QUENTAL,GAU 3 QUENTAL"
5121,2110,20807,"26","13","v5","N",26,"1 ",NA,"2","7 ",NA,"2 ","0","10","0","PARSA","5000000",NA,"1 , 5000 MOHIKHETKO LAGI DIYAKO"
5127,3103,30212,"1","3","v5","N",54,"1 ",NA,"1","2 ",NA,"1 ","3","0","0","SIDHUPALCHOWK","400000",NA,"12000, 2 "
5127,3103,30212,"1","3","v5","N",54,"1 ",NA,"2","2 ",NA,"1 ","1","8","0","SIDHUPALCHOWK","300000",NA,"2 , 2000"
5127,3103,30212,"1","3","v5","N",54,"1 ",NA,"3","2 ",NA,"1 ","2","0","0","SIDHUPALCHOWK","200000",NA,"2 , 2000"
5141,4201,40204,"9","3","v5","N",43,"1 ",NA,"1","4 ",NA,"1 ","1","6","0","MANANG","150000",NA,"0, 1 "
5144,3109,30803,"8","16","v5","N",58,"1 ",NA,"2","7 ",NA,"1 ","3","0","0","LALITPUR","16000000",NA,"1 , 35000"
5150,6204,60608,"6","3","v5","N",64,"1 ",NA,"1","6 ",NA,"1 ","4","0","0","DAILEKH","300000",NA,"0, 1 "
5150,6204,60608,"6","3","v5","N",64,"1 ",NA,"2","2 ",NA,"1 ","2","0","0","DAILEKH","150000",NA,"0, 1 "
5160,3103,30212,"2","6","v5","N",53,"1 ",NA,"7","2 ",NA,"1 ","8","0","0","SIDHUPALCHOWK","1360000",NA,"2 , 50000"
5161,6104,60608,"6","19","v5","N",62,"1 ",NA,"1","2 ",NA,"1 ","0","5","0","DAILEKH","700000",NA,"0, 2 "
5168,3103,30212,"1","9","v5","N",53,"1 ",NA,"2","2 ",NA,"1 ","4","0","0","SIDHUPALCHOWK","500000",NA,"2 , AILE SAMMA PAKO XAINA TARA ABA BATA PAUNE."
5188,3321,30608,"31","16","v5","N",94,"1 ",NA,"2","3 ",NA,"1 ","2","0","0","KATHMANDU","5000000",NA,"1 , 24000"
5194,3454,30608,"30","19","v5","N",94,"1 ",NA,"1","7 ",NA,"1 ","3","0","0","NUWAKOT","9000000",NA,"1 , 50000"
5218,3321,30608,"31","8","v5","N",91,"1 ",NA,"1","2 ",NA,"2 ","0","15","0","NAWALPARASI","4500000",NA,"2 , 40000"
5231,3389,30608,"30","7","v5","N",91,"1 ",NA,"2","3 ",NA,"2 ","0","15","0","BARA","4500000",NA,"2 , 29500"
5240,3339,30608,"30","16","v5","N",92,"1 ",NA,"1","3 ",NA,"1 ","0","3","0","KATHMANDU","15000000",NA,"1 , 25000"
5259,7108,70901,"3","18","v5","N",73,"1 ",NA,"1","2 ",NA,"2 ","0","5","0","KANCHANPUR","2000000",NA,"13500, 2 "
5259,7108,70901,"3","18","v5","N",73,"1 ",NA,"2","1 ",NA,"2 ","0","4","0","KANCHANPUR","2000000",NA,"12000, 2 "
5267,7208,70901,"3","20","v5","N",74,"1 ",NA,"3","8 ",NA,"2 ","0","10","0","KANCHANPUR","7000000",NA,"2 , 20000"
5270,7108,70901,"3","16","v5","N",73,"1 ",NA,"4","4 ",NA,"2 ","0","7","0","KANCHANPUR","350000",NA,"1 , 150000"
5272,2210,20807,"26","19","v5","N",28,NA,NA,"1","4 ",NA,"2 ",NA,"4","0","PARSA","2000000",NA,"1 , 125000"
5274,2110,20807,"26","20","v5","N",28,"1 ",NA,"2","7 ",NA,"2 ",NA,"15","0","PARSA","6000000",NA,"1 , 40000"
5278,2110,20807,"26","22","v5","N",28,"1 ",NA,"2","8 ",NA,"2 ",NA,"20","0","PARSA","5000000",NA,"1 , 150000"
5284,3103,30212,"1","14","v5","N",52,"1 ",NA,"3","6 ",NA,"1 ","5","5","0","SIDHUPALCHOWK","150000",NA,"2 , DHAN"
5284,3103,30212,"1","14","v5","N",52,"1 ",NA,"4","6 ",NA,"1 ","5","0","0","SIDHUPALCHOWK","1000000",NA,"2 , DHAN 15 MURI"
5284,3103,30212,"1","14","v5","N",52,"1 ",NA,"7","2 ",NA,"1 ","1","8","0","SIDHUPALCHOWK","200000",NA,"2 , DHAM 3 MURI"
5287,3103,30212,"2","13","v5","N",52,NA,NA,"3","2 ",NA,"1 ","4","0","0","SIDHUPALCHOWK","700000",NA,"2 , DHAN 12 MURI"
5309,7108,70901,"3","16","v5","N",72,"1 ",NA,"2","6 ",NA,"2 ","0","14","0","KANCHANPUR","2800000",NA,"2 , 58800"
5317,1105,10805,"6","23","v5","N",12,"1 ",NA,"1","7 ",NA,"1 ","3",NA,NA,"SANKHUWASAVA","450000",NA,"2 , 20000"
5321,1105,10805,"2","7","v5","N",11,"1 ",NA,"1","3 ",NA,"1 ","8",NA,NA,"TERHATHUM","3200000",NA,"2 , 215000"
5377,1105,10805,"6","12","v5","N",11,"1 ",NA,"1","3 ",NA,"2 ","2","5",NA,"MORANG","8000000",NA,"1 , 115000"
5379,1205,10805,"6","13","v5","N",11,"1 ",NA,"1","2 ",NA,"1 ","5",NA,NA,"SANKHUWASAVA","300000",NA,"1 , 60000"
5386,2208,20614,"1","5","v5","N",28,NA,NA,"2","6 ",NA,NA,NA,"14",NA,"RAUTAHAT","7200000",NA,"2 , DHAN 35 GEHU 21MAN"
5387,2210,20807,"26","24","v5","N",28,NA,NA,"1","3 ",NA,"2 ",NA,"5","10","PARSA","1600000",NA,"1 , 50000"
5388,2210,20807,"26","14","v5","N",27,"1 ",NA,"1","2 ",NA,NA,NA,"5","2","PARSA","1500000",NA,"2 , 20000"
5395,1104,10804,"9","1","v5","N",11,"1 ",NA,"2","3 ",NA,"1 ","6",NA,NA,"TERHATHUM","2500000",NA,"2 , CHAMAL"
5416,1105,10805,"3","18","v5","N",14,"1 ",NA,"1","7 ",NA,"1 ","100","0","0","TERHATHUM","1000000",NA,"1 , 60000"
5443,1105,10805,"2","21","v5","N",14,"1 ",NA,"1","7 ",NA,"1 ","12","0","0","TERHATHUM","0",NA,"1 , 20000"
5467,3109,30803,"8","16","v5","N",56,"1 ",NA,"1","7 ",NA,NA,"3",NA,NA,"LALITPUR","500000",NA,"1 , 5000"
5478,3109,30803,"8","17","v5","N",56,NA,NA,"2","7 ",NA,NA,"15",NA,NA,"LALITPUR","3000000",NA,"1 , 225000"
5498,1110,11303,"8","22","v5","N",22,"1 ",NA,"2","7 ",NA,"2 ","1","0","0","SUNSARI","5000000",NA,"1 , 20000"
5500,1110,11303,"8","24","v5","N",22,"1 ",NA,"1","3 ",NA,"2 ","0","10","0","SUNSARI","2000000",NA,"2 , 21000"
5502,1210,11303,"8","26","v5","N",22,"1 ",NA,"1","3 ",NA,"2 ","1","10","0","SUNSARI","3000000",NA,"2 , 45000"
5504,3354,30608,"30","17","v5","N",94,"1 ",NA,"1","3 ",NA,"1 ","1","0","0","BHAKTAPUR","40000000",NA,"1 , 50000"
5515,1210,11303,"8","24","v5","N",24,"1 ",NA,"1","4 ",NA,"2 ","1","0","0","SUNSARI","6000000",NA,"1 , 40"
5516,1210,11303,"8","25","v5","N",24,"1 ",NA,"1","3 ",NA,"2 ","0","6","0","SUNSARI","60000",NA,"1 , 16000"
5518,3109,30803,"8","14","v5","N",57,"1 ",NA,"1","7 ",NA,"1 ","6","0","0","LALITPUR","400000",NA,"1 , 90000"
5520,3109,30803,"8","17","v5","N",57,"1 ",NA,"1","7 ",NA,"1 ","2","0","0","LALITPUR","800000",NA,"1 , 36000"
5525,3209,30803,"8","22","v5","N",57,NA,NA,"2","3 ",NA,"1 ","6",NA,NA,"LALITPUR","200000",NA,"2 , 3000"
5530,3203,30212,"3","13","v5","N",52,"1 ",NA,"3","6 ",NA,"1 ","3","8","0","SIDHUPALCHOWK","1000000",NA,"2 , DHAN5 MURI"
5530,3203,30212,"3","13","v5","N",52,"1 ",NA,"4","2 ",NA,"1 ","1","8","0","SIDHUPALCHOWK","100000",NA,"2 , DHAN4 MURI"
5533,3103,30212,"1","4","v5","N",54,"1 ",NA,"1","6 ",NA,"1 ","2","0","0","SIDHUPALCHOWK","300000",NA,"2 , 5"
5537,3109,30803,"8","20","v5","N",58,"1 ",NA,"2","7 ",NA,"1 ","1","0","0","LALITPUR","8000000",NA,"1 , 20000"
5544,3103,30212,"3","19","v5","N",52,"1 ",NA,"3","2 ",NA,"1 ","3","0","0","SIDHUPALCHOWK","300000",NA,"2 , 3 MURI DHAN"
5544,3103,30212,"3","19","v5","N",52,"1 ",NA,"4","2 ",NA,"1 ","4","0","0","SIDHUPALCHOWK","360000",NA,"2 , DHAN 5 MURI"
5544,3103,30212,"3","19","v5","N",52,"1 ",NA,"7","2 ",NA,"1 ","3","0","0","SIDHUPALCHOWK","300000",NA,"2 , MAKAI 4MURI"
5567,3203,30212,"2","5","v5","N",54,"1 ",NA,"2","6 ",NA,"1 ","2","0","0","SIDHUPALCHOWK","150000",NA,"1500, 2 "
5567,3203,30212,"2","5","v5","N",54,"1 ",NA,"3","6 ",NA,"1 ","7","00","0","SIDHUPALCHOWK","700000",NA,"2 , 2000"
5572,1210,11303,"8","21","v5","N",23,"1 ",NA,"1","3 ",NA,"2 ","1","0","0","SUNSARI","4200000",NA,"1 , 42000"
5576,3203,30212,"2","2","v5","N",54,"1 ",NA,"2","6 ",NA,"1 ","2","0","0","SIDHUPALCHOWK","500000",NA,"1 , 8000"
5576,3203,30212,"2","2","v5","N",54,"1 ",NA,"3","6 ",NA,"1 ","4","0","0","SIDHUPALCHOWK","600000",NA,"2 , 9000"
5576,3203,30212,"2","2","v5","N",54,"1 ",NA,"4","6 ",NA,"1 ","1","0","0","SIDHUPALCHOWK","150000",NA,"2 , 4000"
5577,1210,11303,"8","22","v5","N",23,"1 ",NA,"1","3 ",NA,"2 ","0","5","0","SUNSARI","4500000",NA,"1 , 5000"
5585,3203,30212,"1","18","v5","Y",51,"1 ",NA,"6","6 ",NA,"1 ","15","0","0","SIDHUPALCHOWK","2000000",NA,"2 , 6000"
5585,3203,30212,"1","18","v5","Y",51,"1 ",NA,"7","6 ",NA,"1 ","8","0","0","SIDHUPALCHOWK","100000",NA,"12000, 2 "
5587,3203,30212,"1","19","v5","Y",51,"1 ",NA,"3","6 ",NA,"1 ","4","0","0","SIDHUPALCHOWK","0",NA,"2 , BHARKHER KHETI LAGAYAKO DEYAKO CHHAINA"
5614,7108,70901,"3","14","v5","Y",74,"1 ",NA,"1","3 ",NA,"2 ","0","8","0","KANCHANPUR","200000",NA,"0, 2 "
5618,7208,70901,"3","17","v5","Y",73,"1 ",NA,"4","4 ",NA,"2 ","0","12","0","KANCHANPUR","4800000",NA,"1 , 2000000"
5646,3209,30803,"8","22","v5","N",58,NA,NA,"2","7 ",NA,"1 ","1","0","0","LALITPUR","10000000",NA,"1 , 15000"
5648,3209,30803,"8","25","v5","N",58,"1 ",NA,"2","7 ",NA,"1 ","1","0","0","LALITPUR","1200000",NA,"1 , 20000"
5663,4103,40602,"4","3","v5","Y",43,"1 ",NA,"1","2 ",NA,"1 ","1","0","0","LAMJUNG","500000",NA,"2 , 4000"
5667,3209,30803,"8","18","v5","N",55,"1 ",NA,"2","7 ",NA,"1 ","2","0","0","LALITPUR","3100000",NA,"1 , 35000"
5680,5421,NA,"10","20","v5","N",51,"1 ",NA,"1","7 ",NA,NA,"00","3","10","NAWALPARASI","1500000",NA,"1 , 3500"
5684,5410,50802,"6","22","v5","N",51,"1 ",NA,"1","3 ",NA,"2 ","1","00","00","RUPANDEHI","32000000",NA,"1 , 30000"
5701,7106,70811,"7","5","v5","N",71,"1 ",NA,"5","2 ",NA,"2 ","0","2","0","KAILALI","200000",NA," , 10000, 2 "
5717,5414,50808,"5","19","v5","N",53,"1 ",NA,"1","6 ",NA,"2 ","0","15","0","RUPANDEHI","6000000",NA,"13 QUENTEL, 2 "
5718,5414,50808,"5","20","v5","N",53,"1 ",NA,"1","2 ",NA,"2 ","0","6","0","NAWALPARASI","1800000",NA,"2 , DHAN,3/GAHU,2"
5719,5414,NA,"5","21","v5","N",53,NA,NA,"2","7 ",NA,"2 ","0","5","0","GULMI","1500000",NA,"1 , 6000"
5720,4102,40504,"32","22","v5","N",94,"1 ",NA,"1","7 ",NA,"1 ","2","0","0","KASKI","25000000",NA,"1 , 100000"
5721,5321,50802,"10","9","v5","N",52,"1 ",NA,"1","7 ",NA,"1 ","0","2","0","RUPANDEHI","300000",NA,"0, 1 "
5726,5314,50808,"5","10","v5","N",52,"1 ",NA,"1","7 ",NA,"1 ","0","3","0","RUPANDEHI","0",NA,"1 , AGRICULTURE PRODUCTION WAS DONE ON OFFICE LAND AND SHE DIDN'T PAY ANY AMOUNT & THINGS.SHE ALSO DON'T KNOW HOW MUCH IT COST WHILE SELLING LAND"
5735,5321,50802,"10","13","v5","N",54,"1 ",NA,"2","7 ",NA,NA,NA,"1",NA,"KAPILVASTU","0",NA,"1 , ARUKO JAGGA MA GAREKO HO GHAR SIDE KO PAISA ANI KEI DINU PARDAINA"
5769,2209,20703,"10","17","v5","N",25,"1 ",NA,"1","2 ",NA,"2 ","3","10",NA,"BARA","10000000",NA,"100000, 2 "
5769,2209,20703,"10","17","v5","N",25,"1 ",NA,"2","2 ",NA,"2 ","0","5","0","BARA","15000000",NA,"1 , 25000"
5772,4109,41007,"4","19","v5","N",42,"1 ",NA,"1","7 ",NA,"1 ","3","0","0","PARBAT","1800000",NA,"1 , 30000"
5780,4209,41007,"4","17","v5","N",42,"1 ",NA,"1","2 ",NA,"1 ","7","0","0","PARBAT","5600000",NA,"2 , 7 MURI DHAN"
5785,4109,41007,"4","15","v5","N",42,"1 ",NA,"1","4 ",NA,"1 ","3",NA,NA,"PARBAT","3000000",NA,"2 , 8 MURI DHAN"
5814,5321,50802,"10","11","v5","N",54,"1 ",NA,"1","3 ",NA,NA,NA,"8",NA,"RUPANDEHI","250000",NA,"2 , 2 KUNTAL DHAN PAKO THIYE"
5820,4102,40504,"32","25","v5","N",93,"1 ",NA,"2","6 ",NA,"1 ","5","0","0","KASKI","50000000",NA,"2 , 30000"
5836,5314,50808,"5","12","v5","N",54,"1 ",NA,"1","4 ",NA,NA,NA,"8",NA,"RUPANDEHI","5500000",NA,"1 , 50000"
5844,5421,50802,"10","16","v5","N",54,NA,NA,"3","3 ",NA,NA,NA,"10",NA,"RUPANDEHI","7000000",NA,"15 MURI DHAN,7 QUINTEL GAHU PAYEKO, 2 "
5881,4109,41007,"4","18","v5","N",43,"1 ",NA,"1","7 ",NA,"1 ","5","0","0","PARBAT","2500000",NA,"1 , 40000"
5884,4209,41007,"4","21","v5","N",43,"1 ",NA,"1","7 ",NA,"1 ","2","0","0","PARBAT","600000",NA,"1 , 5000"
5891,2109,20703,"10","21","v5","N",26,"1 ",NA,"2","4 ",NA,"2 ","0","8","0","BARA","3200000",NA,"1 , 315000"
5891,2109,20703,"10","21","v5","N",26,"1 ",NA,"3","3 ",NA,"2 ","0","3","8","BARA","2400000",NA,"2 , 2 QUENTAL 25 KG DHAN MATRA DIYAKO KHARCHA K HI DINA NAPARNE"
5892,2209,20703,"10","22","v5","N",26,"1 ",NA,"1","7 ",NA,"2 ","0","15","0","BARA","6000000",NA,"13QUENTAL DHAN,6000 PAISHA, 2 "
5896,2109,20703,"7","25","v5","N",26,"1 ",NA,"1","3 ",NA,"2 ","0","15","0","BARA","6000000",NA,"12 QUENTAL DHAN KHET GARNE LE NAI SABAI KHARCH BEHORX, 2 "
5903,2109,20703,"7","28","v5","N",26,"1 ",NA,"1","3 ",NA,"2 ","0","10","0","BARA","5000000",NA,"18 MAN DHAN, 3 MAN GAU, 2 "
5912,2110,20807,"20","19","v5","Y",26,"1 ",NA,"1","3 ",NA,"2 ","0","3","0","PARSA","1500000",NA,"2 , 2 QUENTAL DHAN, 50 KG GAHU"
5912,2110,20807,"20","19","v5","Y",26,"1 ",NA,"2","3 ",NA,"2 ","0","5","0","PARSA","2500000",NA,"2 , 3 QUENTAL DHAN ,1 QUENTAL GAHU"
5912,2110,20807,"20","19","v5","Y",26,"1 ",NA,"3","7 ",NA,"2 ","0","5","0","PARSA","2500000",NA,"2 , 5 QUENTAL DHAN, 2 QUENTAL GAHU"
5924,2410,20612,"3","3","v5","Y",26,"1 ",NA,"2","7 ",NA,"2 ","0","11","0","RAUTAHAT","1650000",NA,"1 , 80000"
5945,7209,70909,"3","24","v5","N",72,NA,NA,"1","6 ",NA,"2 ","1","0","0","KANCHANPUR","8000000",NA,"170000, 2 "
5946,7109,70909,"3","23","v5","N",72,"1 ",NA,"1","2 ",NA,"2 ","0","15","0","KANCHANPUR","6000000",NA,"2 , 3600"
5947,7209,70909,"3","22","v5","N",72,NA,NA,"2","6 ",NA,"2 ","1","0","0","KANCHANPUR","7000000",NA,"2 , 96000"
5962,4102,40504,"32","12","v5","N",91,NA,NA,"2","2 ",NA,"1 ","2","8","0","TANAHUN","3000000",NA,"2 , 2500"
5962,4102,40504,"32","12","v5","N",91,"1 ",NA,"3","2 ",NA,"1 ","8","0","0","KASKI","30000000",NA,"2 , 80000"
5965,4102,40504,"32","10","v5","N",91,"1 ",NA,"2","7 ",NA,"1 ","0","9","0","KASKI","3600000",NA,"1 , 5000"
5991,6104,60608,"3","8","v5","N",63,"1 ",NA,"3","1 ",NA,"1 ","2","8","0","DAILEKH","300000",NA,"150, 2 "
5992,6204,60608,"3","9","v5","N",63,"1 ",NA,"1","6 ",NA,"1 ","8","0","0","DAILEKH","0",NA,"2 , 5000"
5996,6104,60608,"6","13","v5","N",63,"1 ",NA,"6","6 ",NA,"1 ","3","5","0","DAILEKH","0",NA,"10000, 2 "
6002,6204,60608,"6","18","v5","N",63,"1 ",NA,"3","6 ",NA,"1 ","3","8","0","DAILEKH","0",NA,"2 , 5000"
6022,7208,70901,"3","18","v5","N",74,NA,NA,"2","8 ",NA,"2 ","1","0","0","KANCHANPUR","6000000",NA,"2 , 30000"
6036,7107,70813,"19","3","v5","N",74,"1 ",NA,"2","6 ",NA,"2 ","0","12","0","KAILALI","5000000",NA,"1 , 275000"
6060,4102,40504,"32","30","v5","N",93,"1 ",NA,"1","4 ",NA,"1 ","0","8","0","KASKI","7000000",NA,"1 , 100000"
6086,3202,30207,"9","3","v5","N",54,"1 ",NA,"2","6 ",NA,"1 ","1","0","0","SIDHUPALCHOWK","1500000",NA,"2 , KEI LINE DINE NAGAREKO, TETTIKAI KAMAI KHANE GAREKO"
6086,3202,30207,"9","3","v5","N",54,"1 ",NA,"6","6 ",NA,"1 ","0","8","0","SIDHUPALCHOWK","800000",NA,"2 , LINE DINE NAGAREKO, TETTIKAI KAMAYERA KHANE"
6093,6204,60608,"7","11","v5","N",64,"1 ",NA,"1","2 ",NA,"1 ","0","6","1","DAILEKH","1000000",NA,"0, 1 "
6093,6204,60608,"7","11","v5","N",64,"1 ",NA,"2","2 ",NA,"1 ","0","3","0","DAILEKH","500000",NA,"0, 1 "
6093,6204,60608,"7","11","v5","N",64,"1 ",NA,"3","2 ",NA,"1 ","1","7","1","DAILEKH","100000",NA,"0, 1 "
6103,3108,30802,"27","27","v5","N",58,"1 ",NA,"2","3 ",NA,"1 ","0","10","0","LALITPUR","19800000",NA,"1 , 144000"
6112,3108,30802,"27","28","v5","N",58,"1 ",NA,"1","3 ",NA,"1 ","1","8","0","LALITPUR","20000000",NA,"1 , 300000"
6117,6203,60602,"4","1","v5","N",64,"1 ",NA,"3","4 ",NA,"1 ","15","0","0","DAILEKH","400000",NA,"1 , 2500"
6144,7109,70909,"3","24","v5","N",71,"1 ",NA,"1","3 ",NA,"2 ","0","10","0","KANCHANPUR","1500000",NA,"167500, 2 "
6149,7109,70909,"3","29","v5","N",71,"1 ",NA,"1","6 ",NA,"2 ","0","40","0","KANCHANPUR","2500000",NA,"100500, 2 "
6155,7109,70909,"3","25","v5","N",72,"1 ",NA,"1","6 ",NA,"2 ","0","10","0","KANCHANPUR","600000",NA,"2 , 60000"
6160,7209,70909,"3","28","v5","N",72,NA,NA,"2","6 ",NA,"2 ","0","10","0","KANCHANPUR","4000000",NA,"2 , 25 BORA"
6171,4202,40504,"32","14","v5","N",91,"1 ",NA,"1","7 ",NA,"1 ","3","08","0","KASKI","23000000",NA,"2 , 30000"
6171,4202,40504,"32","14","v5","N",91,"1 ",NA,"2","8 ",NA,"1 ","2","0","0","KASKI","16000000",NA,"1 , 50000"
6176,4202,40504,"32","15","v5","N",91,"1 ",NA,"1","7 ",NA,"1 ","5","0","0","KASKI","40000000",NA,"2 , 35000"
6248,2209,20703,"7","26","v5","N",27,"1 ",NA,"1","7 ",NA,NA,NA,"8","0","BARA","5000000",NA,"1 , 40000"
6368,3202,30207,"9","19","v5","N",51,"1 ",NA,"1","2 ",NA,"1 ","3","0","0","SIDHUPALCHOWK","700000",NA,"14400, 2 "
6373,7109,70909,"3","20","v5","N",73,"1 ",NA,"2","6 ",NA,"2 ","0","15","0","KANCHANPUR","6000000",NA,"2 , 34900"
6375,7109,70909,"3","22","v5","N",73,"1 ",NA,"3","6 ",NA,"2 ","0","12","0","KANCHANPUR","6000000",NA,"2 , 40000"
6400,7209,70909,"3","26","v5","N",73,"1 ",NA,"2","6 ",NA,"2 ","0","19","0","KANCHANPUR","5700000",NA,"2 , 42300"
6403,7109,70909,"3","24","v5","N",73,"1 ",NA,"1","6 ",NA,"2 ","0","6","0","KANCHANPUR","3600000",NA,"2 , 22150"
6406,7209,70909,"3","30","v5","N",73,"1 ",NA,"1","2 ",NA,"2 ","0","10","0","KANCHANPUR","6000000",NA,"2 , 43900"
6536,1201,10207,"7","37","v5","N",12,"1 ",NA,"2","6 ",NA,"1 ","4",NA,NA,"SANKHUWASAVA","400000",NA,"12000, 2 "
6555,1201,10207,"7","28","v5","N",13,"1 ",NA,"1","2 ",NA,"1 ","30","0","0","SANKHUWASAVA","1500000",NA,"2 , 32000"
6594,1201,10207,"7","29","v5","N",13,NA,NA,"2","2 ",NA,"1 ","8","0","0","SANKHUWASAVA","900000",NA,"2 , 30000"
6598,1101,10207,"7","32","v5","N",13,"1 ",NA,"2","2 ",NA,"1 ","20","0","0","SANKHUWASAVA","1000000",NA,"2 , 30000"
6603,1201,10207,"7","35","v5","N",13,"1 ",NA,"2","6 ",NA,"1 ","30","0","0","SANKHUWASAVA","0",NA,"2 , 90000"
6610,1201,10207,"7","36","v5","N",13,"1 ",NA,"2","7 ",NA,"1 ","50","0","0","SANKHUWASAVA","0",NA,"1 , 150000"
6613,1201,10207,"7","37","v5","N",13,"1 ",NA,"3","7 ",NA,"1 ","15","0","0","SANKHUWASAVA","0",NA,"2 , 21000"
6619,3108,30802,"27","27","v5","N",56,"1 ",NA,"1","3 ",NA,NA,"28",NA,NA,"LALITPUR","10000000",NA,"1 , 100000"
6619,3108,30802,"27","27","v5","N",56,"1 ",NA,"2","3 ",NA,NA,"15",NA,NA,"LALITPUR",NA,NA,"2 , 35000"
6630,4108,41003,"4","31","v5","N",43,"1 ",NA,"1","2 ",NA,"2 ","0","10","0","PARBAT","2000000",NA,"2 , 50000"
6656,4108,41003,"4","23","v5","N",42,"1 ",NA,"1","4 ",NA,"1 ","2","0","0","PARBAT","1000000",NA,"1 , 20000"
6656,4108,41003,"4","23","v5","N",42,"1 ",NA,"2","7 ",NA,"1 ","1","0","0","PARBAT","500000",NA,"1 , 2000"
6760,4202,40504,"32","32","v5","Y",92,"1 ",NA,"1","2 ",NA,"1 ","5","0","0","KASKI","12500000",NA,"1 , 70000"
6813,4108,41003,"4","27","v5","N",44,"1 ",NA,"1","8 ",NA,"1 ","5","0","0","PARBAT","800000",NA,"1 , 100000"
6850,4108,41003,"4","23","v5","N",44,"1 ",NA,"1","1 ",NA,"1 ","3","0","0","PARBAT","3500000",NA,"2 , DHAN"
6860,3112,31206,"15","35","v5","N",28,NA,NA,"1","7 ",NA,"2 ",NA,"3","0","MAKAWANPUR","10500000",NA,"1 , 5000"
6874,3112,31206,"15","21","v5","N",25,"1 ",NA,"1","6 ",NA,"2 ",NA,"5","0","MAKAWANPUR","100000",NA,"2 , 5 QUENTEL"
6885,3212,31206,"15","25","v5","N",25,"1 ",NA,"1","2 ",NA,"2 ",NA,"1",NA,"MAKAWANPUR","2000000",NA,"1 MAN MAKAI 20 KG BHATMAS, 2 "
6887,3202,30207,"9","20","v5","N",51,"1 ",NA,"1","2 ",NA,"1 ","4","0","0","SIDHUPALCHOWK","600000",NA,"2 , NO"
6921,3212,31206,"15","36","v5","N",28,"1 ",NA,"1","7 ",NA,"2 ",NA,"20","0","BARA","6000000",NA,"1 , 300000"
6927,3108,30802,"27","32","v5","N",58,"1 ",NA,"1","3 ",NA,"1 ","1","8","0","LALITPUR","72000000",NA,"1 , 192000"
6941,4208,41003,"4","32","v5","N",42,"1 ",NA,"1","2 ",NA,"1 ","2","0",NA,"PARBAT","7000000",NA,"18000, 2 "
6941,4208,41003,"4","32","v5","N",42,"1 ",NA,"2","2 ",NA,"2 ","0","10","0","BARDIYA","1000000",NA,"16000, 2 "
6945,4108,41003,"4","19","v5","N",41,"1 ",NA,"3","3 ",NA,"1 ","2","0","0","PARBAT","1200000",NA,"1 , 104000"
6963,4102,40504,"32","22","v5","N",92,"1 ",NA,"1","2 ",NA,"1 ","5","0","0","KASKI","500000",NA,"1 , 10000"
6966,6103,60602,"1","2","v5","N",64,"1 ",NA,"1","4 ",NA,"1 ","0","8","0","DAILEKH","100000",NA,"1 , 30000"
6975,6206,60806,"2","2","v5","N",64,"1 ",NA,"1","2 ",NA,"1 ","4","0","0","RUKUM","1200000",NA,"0, 1 "
6975,6206,60806,"2","2","v5","N",64,"1 ",NA,"2","2 ",NA,"1 ","1","0","0","RUKUM","300000",NA,"0, 1 "
6975,6206,60806,"2","2","v5","N",64,"1 ",NA,"3","2 ",NA,"1 ","2","0","0","RUKUM","600000",NA,"0, 1 "
6975,6206,60806,"2","2","v5","N",64,"1 ",NA,"4","2 ",NA,"1 ","3","0","0","RUKUM","900000",NA,"0, 1 "
6981,6106,60806,"2","3","v5","N",64,"1 ",NA,"1","2 ",NA,"1 ","1","0","0","RUKUM","3600000",NA,"0, 1 "
6981,6106,60806,"2","3","v5","N",64,"1 ",NA,"2","2 ",NA,"1 ","1","8","0","RUKUM","1500000",NA,"0, 1 "
6986,6106,60806,"2","5","v5","N",64,"1 ",NA,"1","4 ",NA,"1 ","2","0","0","RUKUM","500000",NA,"1 , 45000"
7015,2101,20110,"1","29","v5","Y",22,"1 ",NA,"3","7 ",NA,"2 ","0","10","0","SAPTARI","2000000",NA,"2 , 22500"
7016,2101,20110,"7","30","v5","Y",22,"1 ",NA,"3","3 ",NA,"2 ","0","15","0","SAPTARI","3000000",NA,"2 , 45000"
7016,2101,20110,"7","30","v5","Y",22,"1 ",NA,"4","3 ",NA,"2 ","0","8","0","SAPTARI","2400000",NA,"2 , 24000"
7040,1201,10207,"7","37","v5","N",14,"1 ",NA,"2","6 ",NA,"1 ","15","0","0","SANKHUWASAVA","800000",NA,"2 , 39000 DHAN KO"
7041,1201,10207,"7","36","v5","N",14,"1 ",NA,"3","7 ",NA,"1 ","65","0","0","SANKHUWASAVA","7000000",NA,"105000  DHAN KO, 2 "
7084,4102,40504,"32","26","v5","Y",92,"1 ",NA,"1","1 ",NA,"1 ","6","0","0","KASKI","12500000",NA,"2 , 2 MURI"
7084,4102,40504,"32","26","v5","Y",92,"1 ",NA,"2","1 ",NA,"1 ","0","9","0","KASKI","2500000",NA,"1 , 8000"
7087,2101,20110,"1","28","v5","N",24,"1 ",NA,"2","2 ",NA,"1 ","3","0","0","SAPTARI","6000000",NA,"2 , 53 MAN DHAN"
7099,7209,70909,"3","29","v5","Y",73,"1 ",NA,"2","6 ",NA,"2 ","0","6","0","KANCHANPUR","3000000",NA,"2 , 22000"
7102,7109,70909,"3","23","v5","Y",73,"1 ",NA,"2","6 ",NA,"2 ","0","3","0","KANCHANPUR","1500000",NA,"2 , 6350"
7109,3208,30802,"27","36","v5","N",58,NA,NA,"2","3 ",NA,"1 ","1","0","0","LALITPUR","30000000",NA,"1 , 84000"
7111,3202,30207,"9","17","v5","N",51,"1 ",NA,"3","6 ",NA,"1 ","4","0","0","SIDHUPALCHOWK","700000",NA,"2 , 4500"
7118,3102,30207,"9","16","v5","N",51,"1 ",NA,"5","6 ",NA,"1 ","1","0","0","SIDHUPALCHOWK","150000",NA,"0 NESULKA GAREKO, 2 "
7121,7109,70909,"3","24","v5","Y",74,"1 ",NA,"4","7 ",NA,"2 ","1","0","0","KANCHANPUR","8000000",NA,"1 , 25000"
7128,4102,40504,"32","25","v5","Y",92,"1 ",NA,"1","2 ",NA,"1 ","5","0","0","KASKI","5000000",NA,"12 MURI, 2 "
7132,3112,31206,"15","37","v5","N",28,NA,NA,"1","7 ",NA,"2 ",NA,"15","0","MAKAWANPUR","45000000",NA,"1 , 18000"
7150,7205,70601,"1","32","v5","N",73,"1 ",NA,"2","2 ",NA,"2 ","0","10","0","KAILALI","8000000",NA,"2 , 33000"
7151,7105,70601,"1","33","v5","N",73,"1 ",NA,"1","2 ",NA,"1 ","3","0","0","DOTI","150000",NA,"2 , 2500"
7151,7105,70601,"1","33","v5","N",73,"1 ",NA,"2","2 ",NA,"1 ","3","0","0","DOTI","100000",NA,"1500, 2 "
7151,7105,70601,"1","33","v5","N",73,"1 ",NA,"3","2 ",NA,"1 ","2","0","0","DOTI","50000",NA,"1200, 2 "
7151,7105,70601,"1","33","v5","N",73,"1 ",NA,"4","2 ",NA,"1 ","2","0","0","DOTI","50000",NA,"1000, 2 "
7152,7205,70601,"1","34","v5","N",73,"1 ",NA,"1","2 ",NA,"1 ","3","0","0","DOTI","300000",NA,"2 , 4000"
7152,7205,70601,"1","34","v5","N",73,"1 ",NA,"2","2 ",NA,"1 ","3","0","0","DOTI","200000",NA,"1500, 2 "
7157,3112,31206,"15","37","v5","N",27,"1 ",NA,"1","3 ",NA,NA,NA,"10","0","MAKAWANPUR","25000000",NA,"1 , 10000"
7166,3108,30802,"27","26","v5","N",57,NA,NA,"1","3 ",NA,"1 ","2","0","0","LALITPUR","150000",NA,"1 , 60000"
7200,2201,20110,"1","32","v5","N",22,"1 ",NA,"2","6 ",NA,"2 ","0","15","0","SAPTARI","2250000",NA,"2 , 30000"
7216,2201,20110,"1","37","v5","N",22,"1 ",NA,"1","3 ",NA,"2 ","0","6","0","SAPTARI","900000",NA,"2 , 9000"
7225,2101,20110,"1","36","v5","N",22,"1 ",NA,"1","3 ",NA,"2 ","1","0","0","SAPTARI","2000000",NA,"2 , 35000"
7278,5105,50901,"9","22","v5","N",53,"1 ",NA,"2","7 ",NA,"2 ","0","10","0","KAPILVASTU","5000000",NA,"1 , 10000"
7284,5205,50901,"9","24","v5","N",53,"1 ",NA,"3","6 ",NA,"2 ","0","4","0","KAPILVASTU","1000000",NA,"1 , 3000"
7306,5105,50901,"9","26","v5","N",53,"1 ",NA,"1","4 ",NA,"2 ","0","6","0","KAPILVASTU","600000",NA,"2 , DHAN 4QUENTAL,20KG"
7317,5205,50901,"9","27","v5","N",53,"1 ",NA,"3","6 ",NA,"2 ","0","10","0","KAPILVASTU","6000000",NA,"2 , DHAN 8,TORI 50KG,KERAU25"
7328,5205,50901,"9","29","v5","N",53,"1 ",NA,"2","6 ",NA,"1 ","7","0","0","ARGHAKHACHI","245000",NA,"2 , MAKAI 18KG,TORI12KG"
7330,5205,50901,"9","30","v5","N",53,NA,NA,"2","6 ",NA,"2 ","0","2","15","KAPILVASTU","2000000",NA,"2 , DHAN 150KG,MASURO 12KG,TORI 12 KG"
7368,5205,50901,"9","22","v5","N",52,"1 ",NA,"2","2 ",NA,"2 ","1","0","0","KAPILVASTU","8500000",NA,"12.5 DHAN QUINTAL, 1.5 QUINTAL MAKAI, 2 QUINTAL TORI,, 1 QUINTAL GAHU, 2 "
7405,5105,50901,"9","23","v5","N",54,"1 ",NA,"2","3 ",NA,NA,NA,"5",NA,"KAPILVASTU","2200000",NA,"2 , 5 KUNTAL DHAN"
7412,5205,50901,"9","26","v5","N",52,"1 ",NA,"1","6 ",NA,"2 ","0","24","0","KAPILVASTU","10500000",NA,"0, 1 "
7441,5205,50901,"9","24","v5","N",54,"1 ",NA,"1","2 ",NA,"2 ",NA,"12",NA,"KAPILVASTU","2500000",NA,"2 , 2 QUINTAL GAHU,2 QUINTAL TORI,2 QUINTAL AALU"
7476,1110,11303,"8","11","v5","N",21,"1 ",NA,"2","8 ",NA,"2 ","0","15","0","SUNSARI","3000000",NA,"1 , 200000  PAISA DINU BHAKO CHA TYO RETURN NAGARNE SAMMA KHETI GARI KHANA PAUNU HUNCHA"
7482,1210,11303,"8","14","v5","N",21,"1 ",NA,"1","3 ",NA,"2 ","3","0",NA,"SUNSARI","0",NA,"1 , 30000 YO GOVERNMENT KO JAGGA HO TEI NI ARULAU THEKKA MAA DINU BHAKO CHA"
7484,1110,11303,"8","15","v5","N",21,"1 ",NA,"2","2 ",NA,"2 ","1","0","0","SUNSARI","400000",NA,"1 , 12000"
7485,1210,11303,"8","16","v5","N",21,"1 ",NA,"2","6 ",NA,"2 ","0","18","0","SUNSARI","3600000",NA,"2 , 6000"
7486,2101,20110,"1","17","v5","N",21,"1 ",NA,"1","2 ",NA,"2 ","5","0","0","SAPTARI","550000",NA,"2 , 200000"
7489,2201,20110,"1","18","v5","N",21,"1 ",NA,"1","6 ",NA,"2 ","0","16","0","SAPTARI","320000",NA,"2 , 35000"
7489,2201,20110,"1","18","v5","N",21,"1 ",NA,"2","6 ",NA,"2 ","0","10","0","SAPTARI","200000",NA,"14000, 2 "
7499,2201,20110,"1","25","v5","N",21,"1 ",NA,"1","6 ",NA,"2 ","0","10","0","SAPTARI","1000000",NA,"12600, 2 "
7517,4204,40605,"6","5","v5","N",43,"1 ",NA,"2","2 ",NA,"1 ","3","0","0","LAMJUNG","3000000",NA," , 2 , 25000"
7541,2109,20703,"10","23","v5","N",27,"1 ",NA,"1","2 ",NA,NA,NA,"5","0","PARSA","1000000",NA,"1 , 5000"
7545,5105,50901,"9","23","v5","N",51,"1 ",NA,"2","6 ",NA,NA,"00","4","00","KAPILVASTU","1200000",NA,"2 , 8 MURI"
7585,5205,50901,"9","28","v5","N",51,"1 ",NA,"3","7 ",NA,NA,"00","24","00","KAPILVASTU","7200000",NA,"1 , 25000"
7595,5205,50901,"9","31","v5","N",51,"1 ",NA,"2","7 ",NA,NA,"00","6","00","KAPILVASTU","1800000",NA,"1 , 6000"
7595,5205,50901,"9","31","v5","N",51,"1 ",NA,"3","6 ",NA,NA,"00","8","00","KAPILVASTU","2400000",NA,"2 , 8 MURI"
7597,5205,50901,"9","32","v5","N",51,"1 ",NA,"2","7 ",NA,NA,"00","4","00","KAPILVASTU","1600000",NA,"1 , 8000"
7614,4326,40504,"7","2","v6","N",91,"1 ",NA,"1","3 ",NA,"1 ","6","0","0","TANAHUN","2400000",NA,"1 , 5000"
7691,3104,30512,"1","1","v6","N",58,"1 ",NA,"1","2 ",NA,"1 ","5","0","0","NUWAKOT","16000000",NA,"15000, 2 "
7720,3102,30207,"9","2","v5","N",54,"1 ",NA,"4","2 ",NA,"1 ","0","8","0","SIDHUPALCHOWK","200000",NA,"2 , 2000"
7720,3102,30207,"9","2","v5","N",54,"1 ",NA,"5","2 ",NA,"1 ","8","0","0","SIDHUPALCHOWK","100000",NA,"2 , 8000"
7741,3202,30207,"9","14","v5","N",54,"1 ",NA,"10","1 ",NA,"1 ","0","2","0","SIDHUPALCHOWK","400000",NA,"1 , 10000"
7745,3102,30207,"9","14","v5","N",54,"1 ",NA,"2","6 ",NA,"1 ","2","0","0","SIDHUPALCHOWK","1000000",NA,"1 , 6000"
7798,3202,30207,"10","13","v5","N",52,"1 ",NA,"3","6 ",NA,"1 ","2","0","0","SIDHUPALCHOWK",NA,NA,"2 , KEHI DUNU PARDAINA"
7808,3110,30909,"10","7","v5","N",53,"1 ",NA,"2","3 ",NA,"1 ","3","0","0","KAVREPALANCHOWK","10000000",NA,"1 , 30000"
7811,3110,30909,"10","8","v5","N",53,"1 ",NA,"2","3 ",NA,"1 ","2","0","0","KAVREPALANCHOWK","16000000",NA,"2 , 25000"
7835,3309,30904,"6","2","v6","N",54,"1 ",NA,"2","3 ",NA,"1 ","1","0","0","KAVREPALANCHOWK","5000000",NA,"1 , 13000"
7835,3309,30904,"6","2","v6","N",54,"1 ",NA,"3","3 ",NA,"1 ","2","0","0",NA,"5000000",NA,"1 , 25000"
7838,3409,30904,"6","1","v6","N",54,"1 ",NA,"2","3 ",NA,"1 ","2","0","0","KAVREPALANCHOWK","9000000",NA,"1 , 15000"
7846,3413,30904,"13","1","v6","N",51,"1 ",NA,"1","2 ",NA,"1 ","1","4","0","KAVREPALANCHOWK","3500000",NA,"1000, 2 "
7886,3304,30909,"7","01","v5","N",51,"1 ",NA,"1","3 ",NA,"1 ","1","10","0","KAVREPALANCHOWK","20000000",NA,"1 , 23000"
7892,3302,30909,"6","01","v5","N",51,"1 ",NA,"1","3 ",NA,"1 ","0","11","0","KAVREPALANCHOWK","660000",NA,"1 , 8000"
7918,2101,20110,"1","32","v5","N",23,"1 ",NA,"2","3 ",NA,"2 ","0","8","0","SAPTARI","800000",NA,"1 , 20000"
7923,3102,30207,"9","18","v5","N",51,"1 ",NA,"6","6 ",NA,"1 ","2","0","0","SIDHUPALCHOWK","200000",NA,"1 , 5000"
7963,3108,30802,"27","27","v5","N",57,"1 ",NA,"1","3 ",NA,"1 ","4","0","2","LALITPUR","300000",NA,"1 , 100000"
7973,3208,30802,"27","30","v5","N",57,"1 ",NA,"1","3 ",NA,NA,"2","0","0","LALITPUR","200000",NA,"1 , 60000"
7997,6106,60806,"2","19","v5","N",63,"1 ",NA,"2","6 ",NA,"1 ","0","12","0","RUKUM","0",NA,"2 , 3000"
8008,3208,30802,"27","34","v5","N",57,"1 ",NA,"1","3 ",NA,"1 ","3","0","6","LALITPUR","2500000",NA,"1 , 75000"
8103,2201,20110,"1","37","v5","N",23,"1 ",NA,"1","3 ",NA,"2 ","2","0","0","SAPTARI","4000000",NA,"1 , 70000"
8107,1110,11303,"8","7","v5","N",21,"1 ",NA,"2","3 ",NA,"1 ","10","0","0","SOLUKHUMBU","1500000",NA,"1 , 100000"
8110,6103,60602,"4","21","v5","N",62,"1 ",NA,"3","6 ",NA,"1 ","1","0","0","DAILEKH","600000",NA,"2 , 4000"
8157,2102,20111,"1","1","v6","N",21,"1 ",NA,"2","6 ",NA,"2 ","0","18","0","SAPTARI","0",NA,"2 , 36450"
8176,6206,60806,"2","10","v5","N",64,"1 ",NA,"4","2 ",NA,"1 ","3",NA,"0","RUKUM","3000000",NA,"0, 1 "
8176,6206,60806,"2","10","v5","N",64,"1 ",NA,"6","2 ",NA,"1 ","0","14","0","RUKUM","1500000",NA,"0, 1 "
8199,2202,20111,"3","4","v6","N",21,"1 ",NA,"1","4 ",NA,"2 ","2","0","0","SAPTARI","6000000",NA,"1 , 12000"
8233,4303,40504,"9","4","v6","N",94,"1 ",NA,"2","2 ",NA,"1 ","9","0","0","KASKI","15000000",NA,"2 , 25000"
8241,7205,70601,"1","33","v5","N",71,"1 ",NA,"1","3 ",NA,"1 ","0","10","0","DOTI","50000",NA,"2 , DHAN, KODO (60000)"
8258,7109,70909,"3","25","v5","N",74,"1 ",NA,"1","6 ",NA,"2 ","0","10","0","KANCHANPUR","1500000",NA,"2 , 26250"
8278,7205,70601,"1","37","v5","N",72,"1 ",NA,"2","6 ",NA,"1 ","1","0","0","DOTI","0",NA,"1 , AFNAI MAITI KO GAREKO SO NO ANY PAYMENT"
8281,7105,70601,"1","38","v5","N",72,"1 ",NA,"1","3 ",NA,"1 ","3","0","0","DOTI","0",NA,"2 , UHA KO NAM MA JAGGA  XORA XUTIYEKO HUNA LEY KHET BARI UTA GARNU HUNXA RA TES BAPAT KEI KHANEY ANNA DAL HARU DINEY"
8295,3304,30909,"7","11","v5","N",52,"1 ",NA,"1","2 ",NA,"1 ","10","0","0","KAVREPALANCHOWK","1000000000",NA,"1 , 170000"
8295,3304,30909,"7","11","v5","N",52,"1 ",NA,"2","2 ",NA,"1 ","10","0","0","KAVREPALANCHOWK","320000000",NA,"2 , DHAN 10 QUINTAL"
8296,1103,10602,"1","1","v6","N",12,"1 ",NA,"1","2 ",NA,"1 ","14",NA,NA,"BHOJPUR","700000",NA,"2 , 22000"
8296,1103,10602,"1","1","v6","N",12,"1 ",NA,"2","2 ",NA,"1 ","8",NA,NA,"BHOJPUR","500000",NA,"16000, 2 "
8297,1103,10602,"2","2","v6","N",12,"1 ",NA,"1","2 ",NA,"1 ","4",NA,NA,"BHOJPUR","40000",NA,"12000, 2 "
8299,1103,10602,"2","4","v6","N",12,"1 ",NA,"1","2 ",NA,"1 ","10",NA,NA,"BHOJPUR","1400000",NA,"2 , 25000"
8302,1203,10602,"4","7","v6","N",12,"1 ",NA,"1","2 ",NA,"1 ","30",NA,NA,"BHOJPUR","600000",NA,"2 , 35000"
8331,4402,40504,"9","8","v6","N",94,"1 ",NA,"1","2 ",NA,"1 ","5","0","0","KASKI","15000000",NA,"2 , 50000"
8347,6207,60902,"5","9","v6","N",64,"1 ",NA,"3","2 ",NA,"1 ","2","0","0","SALYAN","70000",NA,"2 , 4000"
8347,6207,60902,"5","9","v6","N",64,"1 ",NA,"4","2 ",NA,"1 ","1","0","0","SALYAN","100000",NA,"2 , 6000"
8349,6107,60902,"5","11","v6","N",64,"1 ",NA,"1","8 ",NA,"1 ","0","8","0","SALYAN","300000",NA,"1 , 45000"
8378,2102,20111,"3","10","v6","N",22,"1 ",NA,"1","3 ",NA,"2 ","1","0","0","SAPTARI","4000000",NA,"2 , 60000"
8378,2102,20111,"3","10","v6","N",22,"1 ",NA,"2","3 ",NA,"2 ","0","12","0","SAPTARI","240000",NA,"2 , 36000"
8379,2202,20111,"3","9","v6","N",22,"1 ",NA,"1","3 ",NA,"2 ","0","15","0","SAPTARI","3000000",NA,"2 , 45000"
8379,2202,20111,"3","9","v6","N",22,"1 ",NA,"2","3 ",NA,"2 ","0","16","0","SAPTARI","9000000",NA,"2 , 30000"
8383,2102,20111,"3","6","v6","N",22,"1 ",NA,"2","3 ",NA,"2 ","2","0","0","SAPTARI","9000000",NA,"120000, 2 "
8383,2102,20111,"3","6","v6","N",22,"1 ",NA,"3","4 ",NA,"2 ","1","0","0","SAPTARI","3500000",NA,"1 , 300000"
8388,2202,20111,"3","5","v6","N",22,"1 ",NA,"1","7 ",NA,"2 ","0","15","0","SAPTARI","3000000",NA,"2 , 47250"
8395,2202,20111,"3","4","v6","N",22,"1 ",NA,"2","3 ",NA,"2 ","0","10","0","SAPTARI","500000",NA,"15000, 2 "
8395,2202,20111,"3","4","v6","N",22,"1 ",NA,"3","3 ",NA,"2 ","0","10","0","SAPTARI","900000",NA,"15000, 2 "
8474,7105,70601,"1","31","v5","N",73,"1 ",NA,"1","2 ",NA,"2 ","0","10","0","KAILALI","1500000",NA,"2 , 45000"
8474,7105,70601,"1","31","v5","N",73,"1 ",NA,"2","2 ",NA,"1 ","15","0","0","DOTI","1000000",NA,"2 , 5000"
8475,7105,70601,"1","35","v5","N",73,"1 ",NA,"3","4 ",NA,"1 ","4","0","0","DAILEKH","400000",NA,"1 , 200000"
8528,1201,10207,"7","34","v5","N",14,"1 ",NA,"2","6 ",NA,"1 ","4","0","0","SANKHUWASAVA","800000",NA,"15000, 2 "
8532,1101,10207,"7","33","v5","N",14,"1 ",NA,"1","2 ",NA,"1 ","40","0","0","SANKHUWASAVA","8000000",NA,"2 , 79500"
8535,1101,10207,"7","32","v5","N",14,"1 ",NA,"1","2 ",NA,"1 ","16","0","0","SANKHUWASAVA","16000000",NA,"2 , 21000"
8536,1201,10207,"7","31","v5","N",14,"1 ",NA,"1","2 ",NA,"1 ","4","0","0","SANKHUWASAVA","200000",NA,"15000, 2 "
8550,4424,40504,"9","11","v6","N",91,"1 ",NA,"1","2 ",NA,"1 ","1","0","0","BAGLUNG","900000",NA,"2 , 5000"
8594,4303,40504,"9","3","v6","Y",92,"1 ",NA,"1","4 ",NA,"1 ","5","0","0","KASKI","0",NA,"1 , 20000"
8616,3203,30212,"2","17","v5","N",51,"1 ",NA,"1","2 ",NA,"1 ","1","8","0","SIDHUPALCHOWK","150000",NA,"2 , 4000"
8616,3203,30212,"2","17","v5","N",51,"1 ",NA,"2","2 ",NA,"1 ","1","0","0","SIDHUPALCHOWK","200000",NA,"2 , 8000"
8616,3203,30212,"2","17","v5","N",51,"1 ",NA,"3","2 ",NA,"1 ","0","10","0","SIDHUPALCHOWK","150000",NA,"2 , 4000"
8649,1101,10207,"7","30","v5","Y",14,"1 ",NA,"1","2 ",NA,"1 ","7","0","0","SANKHUWASAVA","100000",NA,"15000, 2 "
8712,4412,40504,"8","11","v6","Y",94,"1 ",NA,"2","3 ",NA,"1 ","5","0","0","KASKI","10000000",NA,"1 , 50000"
8731,3101,30102,"8","15","v5","N",51,"1 ",NA,"2","8 ",NA,"1 ","40","0","0","DOLAKHA","12000000",NA," , केही दिनु नपर्ने"
8733,3101,30102,"8","1","v5","N",54,"1 ",NA,"0",NA,NA,"1 ","6","0","0","DOLAKHA","1200000",NA," , 0"
8746,3454,30608,"30","35","v5","N",94,"1 ",NA,"2","3 ",NA,"1 ","3","0","0","KASKI","20000000",NA,"1 , 70000"
8765,6207,60902,"5","2","v6","N",62,"1 ",NA,"1","2 ",NA,"1 ","2","0","0","SALYAN","600000",NA,"2 , 70000"
8765,6207,60902,"5","2","v6","N",62,"1 ",NA,"2","2 ",NA,"1 ","1","0","0","SALYAN","300000",NA,"2 , 20000"
8765,6207,60902,"5","2","v6","N",62,"1 ",NA,"3","2 ",NA,"1 ","0","6","0","SALYAN","200000",NA,"10000, 2 "
8838,NA,40504,"15","14","v6","N",93,"1 ",NA,"1","6 ",NA,"1 ","4","0","0","TANAHUN","15000000",NA,"1 , 50000"
8842,4404,40504,"10","13","v6","N",94,"1 ",NA,"1","3 ",NA,"1 ","3","0","0","KASKI","10000000",NA,"1 , 50000"
8863,6206,60806,"2","21","v5","N",63,"1 ",NA,"3","6 ",NA,"1 ","1","0",NA,"RUKUM","0",NA,"1 , 2500"
8863,6206,60806,"2","21","v5","N",63,"1 ",NA,"4","6 ",NA,"1 ","0","8","0","RUKUM","0",NA,"0, 1 "
8863,6206,60806,"2","21","v5","N",63,"1 ",NA,"5","1 ",NA,"1 ","0","6","0","RUKUM","300000",NA,"1 , 1000"
8871,6206,60806,"2","24","v5","N",63,"1 ",NA,"1","2 ",NA,"1 ","7","0","0","RUKUM","120000",NA,"2 , 5000"
8908,6106,60806,"2","12","v5","N",61,"1 ",NA,"1","2 ",NA,"1 ","6","0","0","RUKUM","1400000",NA,"2 , 20000"
8908,6106,60806,"2","12","v5","N",61,"1 ",NA,"2","6 ",NA,"1 ","1","8","0","RUKUM","8400000",NA,"2 , 2000"
8908,6106,60806,"2","12","v5","N",61,"1 ",NA,"3","6 ",NA,"2 ","1","0","0","BANKE","30000000",NA,"2 , 30000"
8923,5202,50601,"7","7","v5","N",54,"1 , 2 ",NA,"1","1 ",NA,"1 ","1","2",NA,"PALPA","2500000",NA,NA
8931,5102,50601,"7","6","v5","N",54,"1 ",NA,"1","8 ",NA,"1 ","3",NA,NA,"PALPA","0",NA," , 1 , 20000"
8995,5208,51008,"3","9","v6","N",54,"1 ",NA,"1","2 ",NA,"1 ",NA,"10",NA,"DANG","10000000",NA,"2 , 3 QUINTAL DHAN,50KG TORI,MASURO 30KG,MAKAI 20KG"
9018,5208,51008,"3","9","v6","N",53,"1 ",NA,"1","2 ",NA,"2 ","0","6","0","DANG","6000000",NA,"2 , 6 QUENTEL, 1 QUENTEL,50KG MUSURO"
9022,5108,51008,"1","1","v6","N",52,"1 ",NA,"1","2 ",NA,"2 ","2","0","0","KAPILVASTU","6000000",NA,"2 , HE SAID THAT "" I DON'T GO THERE AND I DON'T KNOW HOW MUCH IT YIELDS; WHATEVER THEY GIVE THAT'S IT AND THE THINGS I GET WAS 2.5 QUINTAL DHAN, 10KG MASURO DAAL, 5KG TORI, 10KG AALU, 2KG LASUN"
9037,4320,40504,"10","12","v6","N",94,"1 ",NA,"1","6 ",NA,"1 ","5","0","0","DHADING","15000000",NA,"1 , 30000"
9060,5108,51008,"3","4","v6","N",53,"1 ",NA,"2","2 ",NA,"2 ","0","6","15","DANG","4000000",NA,"2 , DHAN 5 QUENTEL,MASURO 20KG,GAHU1 QUENTEL"
9073,5208,51008,"1","2","v6","N",53,"1 ",NA,"1","3 ",NA,"2 ","0","6","0","DANG","9000000",NA,"1 , 10000"
9088,5108,51008,"1","1","v6","N",54,"1 ",NA,"1","3 ",NA,"1 ",NA,"6",NA,"DANG","1800000",NA,"2 , 7 KUNTAL DHAN,1 KUNTAL GAHU"
9095,5208,51008,"3","4","v6","N",54,"1 ",NA,"2","2 ",NA,"1 ","1",NA,NA,"PYUTHAN","250000",NA,"1 QUINTAL GAHU 10KG TORI 2 QUINTAL DHAN, 2 "
9096,5208,51008,"3","6","v6","N",53,"1 ",NA,"1","3 ",NA,"2 ","0","5","0","DANG","7500000",NA,"1 , 10000"
9107,4106,40803,"2","17","v6","N",91,"1 ",NA,"1","2 ",NA,"1 ","11","0","0","NAWALPARASI","5500000",NA,"2 , 2000"
9110,4106,40803,"2","16","v6","N",91,"1 ",NA,"1","8 ",NA,"1 ","3","8","0","NAWALPARASI","15000000",NA,"1 , 85000"
9113,4106,40803,"2","15","v6","N",91,"1 ",NA,"1","2 ",NA,"1 ","1","8","0","NAWALPARASI","2400000",NA,"2 , 6000"
9131,5108,51008,"3","8","v6","N",53,"1 ",NA,"2","7 ",NA,"2 ","1","3","0","DANG","18400000",NA,"1 , 46000"
9131,5108,51008,"3","8","v6","N",53,"1 ",NA,"3","6 ",NA,"2 ","0","4","0","DANG","3200000",NA,"2 , 2 QUENTEL DHAN,80KG GAHU"
9263,6206,60806,"2","28","v5","N",63,"1 ",NA,"2","2 ",NA,"1 ","7","0","0","RUKUM","2000000",NA,"2 , 500KG KHADHYAN"
9296,6108,61004,"2","18","v6","N",63,"1 ",NA,"2","2 ",NA,"1 ","7","0","0","SURKHET","4000000",NA,"2 , 250000"
9298,6208,61004,"2","21","v6","N",63,"1 ",NA,"2","2 ",NA,"1 ","6","0","0","SURKHET","3000000",NA,"15000, 2 "
9301,6108,61004,"2","22","v6","N",63,"1 ",NA,"2","2 ",NA,"1 ","6","0","0","SURKHET","4500000",NA,"2 , 30000"
