"","ID","total_hh_income","net_farm_income","net_remittance_received","cash_assistance_received","total_non_agri_income","rent_annual","other_income_annual","total_income","total_food_annual","net_expense_education","total_cost_chronic_inpatient","total_cost_chronic_outpatient","total_cost_acute","reported_oop","reimbursed_amount","total_health_cost","total_expenditure","income_expenditure_ratio"
"7",695,0,-45000,0,0,0,0,0,-45000,209300,0,0,0,0,6000,0,0,209300,-0.215002388915432
"18",752,1900000,695600,-4050000,0,0,0,6000,-1448400,578188,222100,0,1347240,250,1300000,180000,1347490,2147778,-0.674371373577716
"37",878,0,68000,-1600000,96000,0,0,720000,-716000,602680,0,0,13200,600,5000,0,13800,616480,-1.16143264988321
"41",894,0,-35000,-750000,48000,-386000,120000,445210,-557790,588120,119000,0,4500,0,50000,0,4500,711620,-0.783831258255811
"45",911,0,51800,-3500000,0,0,3e+06,345800,-102400,387660,0,0,0,0,170500,14000,0,387660,-0.264148996543363
"47",920,0,0,-2977000,48000,113200,0,0,-2815800,204880,0,0,0,0,5e+05,0,0,204880,-13.743654822335
"62",1090,0,17000,0,0,-276000,0,144500,-114500,764400,222000,0,0,0,310000,0,0,986400,-0.116078669910787
"80",1542,2280000,97650,-2975000,0,0,0,384005,-213345,369200,0,0,600,0,0,1200,600,369800,-0.576919956733369
"81",1544,20000,18500,-3e+05,48000,0,0,5,-213495,212680,6000,0,4400,0,3000,0,4400,223080,-0.95703335126412
"87",1626,0,-23900,20000,0,0,0,500,-3400,109980,0,0,7500,555,10000,15000,8055,118035,-0.0288050154615157
"91",1653,65000,-58000,-206000,30000,0,0,0,-169000,169000,0,0,0,0,1200,0,0,169000,-1
"93",1659,0,-13500,0,0,0,0,400,-13100,127400,0,0,0,1600,5000,500,1600,129000,-0.101550387596899
"96",1682,24000,-500,-198000,6000,0,0,0,-168500,167856,27300,5200,5700,500,2200,2750,11400,206556,-0.815759406650013
"106",1799,0,-9100,3e+05,0,-5e+05,24000,59900,-125200,359320,100800,0,0,0,20000,0,0,460120,-0.272102929670521
"111",1903,0,-46250,0,0,0,0,36000,-10250,234000,48000,67000,67000,0,61000,0,134000,416000,-0.0246394230769231
"118",1982,0,-1100,0,0,0,0,0,-1100,253240,0,0,70480,500,80000,0,70980,324220,-0.00339275800382456
"128",2034,0,-44650,0,7000,0,0,0,-37650,288600,29000,225000,224000,0,0,0,449000,766600,-0.0491129663448996
"155",2222,0,0,-70000,0,-820000,0,5000,-885000,338000,25500,0,0,0,20000,0,0,363500,-2.43466299862448
"173",2257,2500000,0,-5467000,48000,1800000,0,25000,-1094000,504660,0,75950,161825,0,165775,0,237775,742435,-1.47352966926398
"174",2258,0,0,-2340000,0,1782000,0,50000,-508000,426660,0,0,5800,0,5780,0,5800,432460,-1.17467511446145
"197",2427,837410,-44300,-9e+05,0,9500,0,7000,-90390,692120,0,0,35000,0,40000,0,35000,727120,-0.124312355594675
"239",2555,0,255300,0,0,-1215000,0,5000,-954700,151320,34050,0,0,150,3000,0,150,185520,-5.14607589478223
"263",2618,98700,-3900,-298000,0,0,0,0,-203200,131300,0,0,0,14000,30000,0,14000,145300,-1.39848589125946
"266",2626,0,-15500,0,0,0,0,0,-15500,183040,19600,0,0,11000,25000,0,11000,213640,-0.0725519565624415
"324",2823,1756000,88000,-5500000,0,0,30000,105000,-3521000,1249040,32000,0,25,0,5000,0,25,1281065,-2.74849441675481
"340",2870,130000,0,0,0,-182300,0,0,-52300,512720,295500,0,0,100,5500,0,100,808320,-0.064702098178939
"367",2956,114300,0,-216000,0,0,0,0,-101700,83200,0,0,0,0,1000,0,0,83200,-1.22235576923077
"369",2964,0,-26000,-30000,0,0,0,0,-56000,147160,12600,0,0,0,6300,0,0,159760,-0.350525788683025
"397",3075,0,-900,0,0,0,0,0,-900,75920,0,0,335,0,1395,146,335,76255,-0.0118025047537866
"436",3174,0,-34850,-50000,36000,0,0,100,-48750,178360,0,0,0,0,50000,0,0,178360,-0.27332361516035
"455",3224,0,-133824,20000,0,0,0,0,-113824,185640,0,0,0,0,252000,0,0,185640,-0.613143719026072
"458",3246,0,0,-2650000,48000,820000,0,32000,-1750000,244400,0,0,17325,0,20000,100,17325,261725,-6.68640748877639
"475",3305,50000,0,-7e+05,0,0,0,7000,-643000,301080,93200,0,12036,0,12041,0,12036,406316,-1.5825121334134
"478",3309,0,0,-7e+06,48000,3074000,0,20010,-3857990,549848,0,162600,41800,0,204400,11605,204400,754248,-5.11501522045799
"529",3494,0,-16550,0,0,0,0,0,-16550,286416,0,107000,87100,4900,90000,0,199000,485416,-0.034094467425878
"596",3742,70200,-22050,-2e+05,0,0,0,1100,-150750,178620,0,0,29940,0,24000,0,29940,208560,-0.722813578826237
"599",3752,0,-60598,0,1500,10000,0,200,-48898,379080,1600,0,19500,0,25000,0,19500,400180,-0.122190014493478
"602",3769,0,-1700,0,0,0,0,0,-1700,360100,0,0,7050,0,3e+05,1e+05,7050,367150,-0.00463026011167098
"621",3821,252030,0,-4300000,48000,0,0,355680,-3644290,364000,117000,0,24600,0,20000,11000,24600,505600,-7.20785205696203
"662",3928,0,-19900,-25000,0,0,0,0,-44900,706160,0,0,1500,150,23000,0,1650,707810,-0.0634351026405391
"685",3979,0,-25300,0,0,0,0,0,-25300,189800,0,0,15020,30,20020,20,15050,204850,-0.123505003661216
"693",4018,24450,-201900,39000,48000,0,0,0,-90450,200200,0,0,3004,0,40000,10000,3004,203204,-0.445119190567115
"695",4021,6e+05,16900,-1525000,0,0,0,500,-907600,190840,15000,0,28440,0,30000,0,28440,234280,-3.87399692675431
"708",4076,0,0,60000,8000,-81000,0,0,-13000,140400,0,0,0,1000,50000,0,1000,141400,-0.0919377652050919
"722",4101,21000,18600,-80000,0,0,0,1500,-38900,176800,38500,0,0,7700,15000,0,7700,223000,-0.174439461883408
"726",4108,0,-25608,0,0,0,0,5000,-20608,261040,31000,29200,11600,2500,40000,0,43300,335340,-0.0614540466392318
"795",4318,0,-11650,-2e+05,0,0,0,0,-211650,310232,94000,0,0,0,190,0,0,404232,-0.523585465772131
"799",4336,0,30100,-72000,0,0,0,19000,-22900,159380,61500,0,0,0,500,0,0,220880,-0.103676204273814
"811",4411,59000,-195300,0,0,0,48000,63500,-24800,202800,0,0,11200,5500,0,0,16700,219500,-0.112984054669704
"812",4412,0,-40300,0,0,0,0,0,-40300,310700,2400,0,0,0,3000,0,0,313100,-0.128712871287129
"822",4439,0,234000,-6e+05,0,0,0,0,-366000,110500,0,0,0,0,8000,0,0,110500,-3.31221719457014
"828",4446,0,2000,-1400000,0,774000,0,16000,-608000,297700,184200,0,0,20500,20500,0,20500,502400,-1.21019108280255
"840",4486,0,-6860,-190000,0,0,0,645,-196215,232700,35550,0,0,6275,45000,45000,6275,274525,-0.714743648119479
"893",4584,80500,-12200,-6e+05,0,0,0,3,-531697,192920,0,0,1505,220,2000,15,1725,194645,-2.7316242389992
"896",4590,95200,-83000,-80000,0,0,0,8,-67792,170560,17500,0,0,0,600,0,0,188060,-0.360480697649686
"898",4596,0,85500,-150000,0,0,0,0,-64500,218400,12600,0,0,0,15000,0,0,231000,-0.279220779220779
"901",4603,0,-5000,-173500,0,0,0,2000,-176500,249132,0,0,23033,1300,262500,50000,24333,273465,-0.645420803393487
"992",4779,0,-16100,0,0,0,0,15000,-1100,68120,0,0,6660,0,15000,20000,6660,74780,-0.0147098154586788
"994",4784,0,2000,-3e+05,0,0,0,0,-298000,387920,120000,0,51240,3100,60000,70000,54340,562260,-0.530003912780564
"996",4795,0,-18580,0,0,0,0,3200,-15380,1030640,45800,0,6420,0,9000,0,6420,1082860,-0.0142031287516392
"1023",4852,0,0,-9e+06,0,0,180000,4000,-8816000,259324,212800,0,0,5000,45000,0,5000,477124,-18.4773769502268
"1046",4907,0,-14300,0,0,0,0,0,-14300,475800,68000,0,93406,0,93400,0,93406,637206,-0.0224417221432315
"1081",4960,156000,-36900,-150000,0,0,0,200,-30700,507520,28100,0,28290,0,58000,8500,28290,563910,-0.0544413115568087
"1082",4961,120000,-57100,-80000,0,0,0,13000,-4100,296400,0,23000,123600,950,150000,0,147550,443950,-0.00923527424259489
"1085",4968,0,-12750,0,0,0,0,0,-12750,65520,0,0,0,800,15000,0,800,66320,-0.192249698431846
"1087",4977,3000,-18600,-636000,0,0,0,0,-651600,99944,2000,0,0,0,50000,1e+05,0,101944,-6.39174448716943
"1132",5076,25000,-291,-360000,6000,81000,165600,37002,-45689,484900,0,0,7000,0,4e+05,4e+05,7000,491900,-0.0928826997357186
"1142",5106,0,-18000,0,0,0,0,0,-18000,144508,0,0,2108,0,5000,0,2108,146616,-0.12276968407268
"1222",5287,4e+05,-9100,-2500000,48000,0,0,2900,-2058200,157820,0,0,13400,0,20000,0,13400,171220,-12.0207919635557
"1258",5427,0,-19940,-120000,0,0,0,0,-139940,259480,13800,0,0,22150,22000,0,22150,295430,-0.473682429001794
"1272",5465,0,-65700,0,0,0,0,0,-65700,241280,18870,0,0,0,10000,0,0,260150,-0.252546607726312
"1275",5469,0,-178800,0,0,0,0,0,-178800,557700,1e+05,0,0,75,4000,0,75,657775,-0.271825472235947
"1283",5481,0,-202200,0,0,0,0,0,-202200,361400,357500,0,20000,0,50000,7000,20000,738900,-0.273650020300447
"1313",5519,0,-23900,0,0,0,0,0,-23900,270400,2350,0,0,0,12000,0,0,272750,-0.0876260311640697
"1319",5525,0,-25000,0,0,0,0,0,-25000,135200,0,0,0,0,1e+05,0,0,135200,-0.18491124260355
"1334",5572,0,34300,-6e+05,16,0,0,390000,-175684,203840,9500,0,80600,0,540000,98200,80600,293940,-0.597686602708036
"1335",5575,0,-11000,-276000,48000,1e+05,0,0,-139000,467740,0,0,103600,0,2e+05,0,103600,571340,-0.243287709594987
"1356",5641,0,-55000,-870000,0,0,0,208600,-716400,300560,0,0,96360,0,118000,0,96360,396920,-1.80489771238537
"1366",5664,58000,-247708,50000,0,0,0,0,-139708,361660,116000,0,0,0,55000,0,0,477660,-0.292484193778001
"1403",5746,317100,0,-730000,0,0,0,257031,-155869,514904,0,0,5276,0,10000,500,5276,520180,-0.299644353877504
"1412",5764,0,500,-1350000,0,344000,0,3000,-1002500,245960,0,0,111540,0,60000,5000,111540,357500,-2.8041958041958
"1429",5830,0,0,0,0,-2e+06,0,0,-2e+06,224016,47300,0,15550,50,35000,0,15600,286916,-6.97068131439167
"1470",5927,0,-12712,0,0,0,0,0,-12712,2125032,120000,0,22000,0,25000,0,22000,2267032,-0.00560733152421316
"1528",6082,0,77250,-540000,0,325000,72000,0,-65750,154440,67300,0,40000,0,40000,0,40000,261740,-0.251203484373806
"1540",6118,3000,155400,0,0,-354800,0,0,-196400,192400,16950,0,40,0,120000,10000,40,209390,-0.937962653421844
"1561",6171,0,-246200,38500,0,0,0,0,-207700,828308,0,0,14400,0,140000,0,14400,842708,-0.246467341000679
"1580",6292,0,2400,-155000,0,0,0,0,-152600,276120,0,0,5760,4170,20000,0,9930,286050,-0.533473169026394
"1586",6320,0,-33200,-2e+05,48000,0,0,0,-185200,365560,0,0,55400,0,70000,0,55400,420960,-0.439946788293425
"1615",6428,0,74900,-2e+05,0,0,0,15000,-110100,265200,0,0,0,0,80000,0,0,265200,-0.415158371040724
"1706",6941,0,4,-480000,0,0,0,0,-479996,223600,0,0,1800,0,19800,0,1800,225400,-2.12952972493345
"1720",6967,20000,87100,-3e+05,0,0,0,0,-192900,174200,0,0,5000,0,5000,50000,5000,179200,-1.07645089285714
"1748",7059,0,-55800,-12000,24000,0,0,0,-43800,242840,173200,0,0,0,2e+05,0,0,416040,-0.105278338621286
"1753",7078,26000,-39400,0,0,0,0,300,-13100,131040,0,0,60315,355,60600,265,60670,191710,-0.0683323770278024
"1762",7092,0,109000,-588000,0,0,0,0,-479000,243360,27000,0,34490,0,30000,10000,34490,304850,-1.57126455633918
"1796",7190,0,-1000,-3000,0,0,0,0,-4000,215800,7800,0,1400,470,4000,0,1870,225470,-0.0177407193861711
"1805",7256,0,-10250,0,0,0,0,3000,-7250,458640,81300,0,26580,0,30000,0,26580,566520,-0.0127974299230389
"1825",7368,42000,3350,-640000,96000,0,0,5900,-492750,259220,0,0,2768,0,25000,0,2768,261988,-1.8808113348703
"1862",7507,0,-36100,-144000,0,144000,0,0,-36100,183560,0,0,16800,0,7200,0,16800,200360,-0.180175683769215
"1868",7542,0,123300,-310000,36000,0,0,500,-150200,883480,149900,0,49130,0,50000,5000,49130,1082510,-0.138751605066004
"1901",7749,6000,-18125,-53000,0,19700,0,0,-45425,217360,7580,0,28000,2635,33000,1200,30635,255575,-0.177736476572435
"1938",8000,145000,-89000,-150000,61000,0,0,17800,-15200,171600,90000,0,2162,0,45000,1120,2162,263762,-0.0576277098293158
"1950",8074,0,-800,0,0,0,0,0,-800,163280,10300,0,0,0,10000,5000,0,173580,-0.00460882590160157
"1954",8100,0,-20400,-420000,0,0,0,0,-440400,164840,0,0,6900,0,13200,0,6900,171740,-2.56434144637242
"1957",8110,12000,-29300,-166000,0,0,0,0,-183300,68900,0,0,0,0,50000,0,0,68900,-2.66037735849057
"1962",8142,0,0,-180000,0,0,0,0,-180000,146328,41000,0,0,0,8800,0,0,187328,-0.960881448582166
"1973",8176,124000,139002,-372000,25000,0,0,0,-83998,183560,0,0,0,3000,5000,0,3000,186560,-0.450246569468268
"1980",8199,0,-79725,-115000,0,1e+05,0,0,-94725,171340,0,0,8000,0,70000,0,8000,179340,-0.528186684509869
"2011",8293,0,0,-1500000,32000,552500,0,0,-915500,326560,54000,0,2100,0,4e+05,0,2100,382660,-2.39246328333246
"2020",8304,0,-145500,0,96000,-15000,0,0,-64500,650000,105700,0,90500,0,50000,10000,90500,846200,-0.0762231151028126
"2043",8383,0,438102,-1380000,0,0,0,0,-941898,239200,309500,137000,89800,0,3e+05,0,226800,775500,-1.21456866537718
"2063",8521,0,-10550,0,0,0,0,0,-10550,5200,0,0,0,0,16000,0,0,5200,-2.02884615384615
"2099",8761,0,0,-360000,48000,0,72000,20000,-220000,180180,36800,0,1000,0,0,0,1000,217980,-1.00926690522066
"2106",8815,0,-3900,0,0,0,0,0,-3900,0,0,0,0,0,10000,0,0,0,-Inf
"2177",9288,0,85300,0,48000,-180000,0,0,-46700,283920,39200,0,9000,450,40000,0,9450,332570,-0.140421565384731
"2191",9372,0,-1000,0,0,0,0,0,-1000,0,0,0,0,0,130000,0,0,0,-Inf
"2192",9375,0,-10700,0,0,0,0,0,-10700,0,0,0,0,0,54000,8800,0,0,-Inf
"2193",9378,0,-10300,0,0,0,0,0,-10300,0,0,0,0,0,50000,15000,0,0,-Inf
"2194",9381,0,-7950,0,0,0,0,0,-7950,0,0,0,0,0,20000,0,0,0,-Inf
"2196",9390,0,-15200,0,0,0,0,0,-15200,0,0,0,0,0,50000,1500,0,0,-Inf
"2197",9395,0,-4000,0,0,0,0,0,-4000,0,0,0,0,0,178000,0,0,0,-Inf
"2198",9399,0,-18500,0,0,0,0,0,-18500,0,0,0,0,0,20000,23000,0,0,-Inf
"2199",9416,0,-2100,0,0,0,0,0,-2100,0,0,0,0,1100,20000,15000,1100,1100,-1.90909090909091
"2200",9419,0,-13100,0,0,0,0,0,-13100,0,0,0,0,2300,18000,8000,2300,2300,-5.69565217391304
"2204",9424,0,-20000,0,0,0,0,0,-20000,0,0,0,0,1100,10000,5000,1100,1100,-18.1818181818182
"2208",9433,0,-5500,0,0,0,0,0,-5500,0,0,0,0,0,60000,0,0,0,-Inf
"2209",9495,0,-72200,0,0,0,0,0,-72200,0,0,0,0,20000,50000,0,20000,20000,-3.61
"2211",9528,0,-18000,0,0,0,0,0,-18000,0,0,0,0,0,70000,5000,0,0,-Inf
"2213",9561,0,-1900,0,0,0,0,0,-1900,0,0,0,0,0,4800,24000,0,0,-Inf
"2214",9568,0,-1000,0,0,0,0,0,-1000,0,0,0,0,0,2800,0,0,0,-Inf
"2216",9590,0,-34200,0,0,0,0,0,-34200,0,0,0,0,1440,5000,0,1440,1440,-23.75
"2218",9597,0,-22800,0,0,0,0,0,-22800,0,0,0,0,0,2e+05,0,0,0,-Inf
"2222",9620,0,-33500,0,0,0,0,0,-33500,0,0,0,0,1000,120000,2000,1000,1000,-33.5
"2223",9624,0,-9998,0,0,0,0,0,-9998,0,0,0,0,0,2000,0,0,0,-Inf
"2227",9639,0,-63000,0,0,0,0,0,-63000,0,0,0,0,0,2100,0,0,0,-Inf
"2229",9645,0,-11000,0,0,0,0,0,-11000,0,0,0,0,0,72000,5500,0,0,-Inf
"2230",9648,0,-9500,0,0,0,0,0,-9500,0,0,0,0,0,9000,800,0,0,-Inf
"2232",9655,0,-7408,0,0,0,0,0,-7408,0,0,0,0,0,260000,0,0,0,-Inf
"2235",9751,0,-31000,0,0,0,0,0,-31000,0,0,0,0,2740,150000,0,2740,2740,-11.3138686131387
"2236",9757,0,-10500,0,0,0,0,0,-10500,0,0,0,0,0,42000,5000,0,0,-Inf
"2237",9760,0,-6998,0,0,0,0,0,-6998,0,0,0,0,0,10000,300,0,0,-Inf
"2238",9798,0,-34500,0,0,0,0,0,-34500,0,0,0,0,0,10000,150,0,0,-Inf
"2239",9801,0,-14150,0,0,0,0,0,-14150,0,0,0,0,0,160000,0,0,0,-Inf
