,District,Name.of.Local.Level,llcode,Province,Ward,Employer.Name
1,102,Khandbari,10206,Koshi,9,Uma Khaja Ghar
2,110,Illam,11003,Koshi,9,Image Security Service Pvt. Ltd.
3,110,Illam,11003,Koshi,9,USHA NIRMAN AND SUPPLIERS
4,111,Birtamod,11112,Koshi,5,Sarvasulav Dhuwani sewa
5,111,Mechinagar,11101,Koshi,6,Mechi Netralaya and Ophthalmic Research Center Pvt. Ltd.
6,111,Mechinagar,11101,Koshi,10,N.M.A. agro pvt.ltd.
7,112,Biratnagar,11214,Koshi,11,Kanchan Bahuuddeshiya Company Pvt. Ltd.
8,112,Biratnagar,11214,Koshi,7,Mainawati Steel Industries Ltd. 
9,112,Budhiganga,11213,Koshi,4,HIM PAPER CRAFTS
10,112,Budhiganga,11213,Koshi,3,MAHALAXMI SILICATE INDUSTRIES
11,112,Budhiganga,11213,Koshi,5,Annapurna Global Impex Pvt. Ltd
12,112,Budhiganga,11213,Koshi,2,Vizu Poultry Farm P. Ltd.
13,112,Kerabari,11203,Koshi,10,Kerabari Gaunpalika
14,113,Duhabi,11307,Koshi,8,"Sun Beam English School , Sunsari"
15,113,Duhabi,11307,Koshi,8,Arihant Multi-Fibres Ltd.
16,113,Gadhi,11308,Koshi,3,Sankalpa Community Based Rehabilitation-Nepal
17,113,Itahari,11306,Koshi,9,Malang Baba Saving & Credit co-operative Ltd.
18,113,Itahari,11306,Koshi,8,B. And B. Chartered Business Services Pvt. Ltd. 
19,201,Surunga,20107,Madhesh,6,"Shripurraj Community Development Center (SCDC), Saptari"
20,203,Janakpurdham,20315,Madhesh,4,Vishwanath Trade House Pvt. Ltd.
21,203,Janakpurdham,20315,Madhesh,10,Community Improvement Center
22,204,Jaleshwor,20415,Madhesh,2,Women Empowerment Mission
23,205,Hariwan,20502,Madhesh,6,Namuna Krishi Firm Pvt. Ltd.
24,205,Lalbandi,20501,Madhesh,8,Transform Nepal
25,206,Paroha,20612,Madhesh,3,Campaign Nepal for Research & Development
26,207,Jitpur Simara,20703,Madhesh,4,Frame Work International Pvt. Ltd.
27,207,Jitpur Simara,20703,Madhesh,1,Hulas Steel Industries Limited
28,207,Jitpur Simara,20703,Madhesh,2,Sagarmatha Logistics
29,207,Parwanipur,20704,Madhesh,4,Pashupati Education Parsa Private Limited
30,208,Birgunj,20807,Madhesh,32,Nepal Petro Lube Industries Pvt.ltd.
31,208,Birgunj,20807,Madhesh,6,Magnus pharma pvt ltd
32,208,Birgunj,20807,Madhesh,10,Genetica Laboratory Pvt. Ltd.
33,208,Birgunj,20807,Madhesh,22,Joya and sufiya business contract center pvt ltd
34,302,Melamchi,30205,Bagmati,9,Palchowki Mai Roda Dhunga Udhyog Pvt. Ltd.
35,306,Budhanilkantha,30604,Bagmati,7,Competency Engineering Research and Design Private Limited
36,306,Budhanilkantha,30604,Bagmati,11,Moonlight Noodles 
37,306,Budhanilkantha,30604,Bagmati,8,Galfu Binayak Dairy Pvt.Ltd
38,306,Budhanilkantha,30604,Bagmati,4,Children Care Club
39,306,Budhanilkantha,30604,Bagmati,8,Beans For Life
40,306,Budhanilkantha,30604,Bagmati,12,Rakshya engineering consultancy & Construction 
41,306,Chandragiri,30610,Bagmati,3,Jana Shresmika Saving & Credit Co-operative Ltd
42,306,Chandragiri,30610,Bagmati,14,Spandan saving and credit co operative limited
43,306,Gokarneshwor,30603,Bagmati,9,Pashupati Security and Workers Services Pvt.Ltd.
44,306,Kageshwori Manohara,30602,Bagmati,9,YOHO Partner Technologies Inc Pvt. Ltd.
45,306,Kageshwori Manohara,30602,Bagmati,3,Nazarene Compassionate Ministries
46,306,Kageshwori Manohara,30602,Bagmati,7,R.P. CONSULTANCY PRIVATE LIMITED
47,306,Kathmandu,30608,Bagmati,11,United Mission to Nepal
48,306,Kathmandu,30608,Bagmati,29,Ngadi Group Power Ltd.
49,306,Kathmandu,30608,Bagmati,31,NIMS Institute Pvt.Ltd.
50,306,Kathmandu,30608,Bagmati,3,Health Environment And Climate Action Foundation (HECAF360)
51,306,Kathmandu,30608,Bagmati,32,Everest Parenterals Pvt. Ltd
52,306,Kathmandu,30608,Bagmati,29,Rathi Paper House
53,306,Kathmandu,30608,Bagmati,10,Chamunda trading house 
54,306,Kathmandu,30608,Bagmati,1,Torque Motors Trading Pvt. Ltd
55,306,Kathmandu,30608,Bagmati,6,LiScha Himalaya e.V.
56,306,Kathmandu,30608,Bagmati,5,Atlas Trading Concern Pvt. Ltd.
57,306,Kathmandu,30608,Bagmati,9,Practical Waste Solution Pvt. Ltd.
58,306,Kathmandu,30608,Bagmati,16,Index Saving And Credit Co-operative Ltd.
59,306,Kathmandu,30608,Bagmati,7,Tarakshay Security Pvt. Ltd
60,306,Kathmandu,30608,Bagmati,30,B.K. TRADERS AND SUPPLIERS
61,306,Kathmandu,30608,Bagmati,6,Action For Nepal
62,306,Kathmandu,30608,Bagmati,10,J.M. Lamsal & Company
63,306,Kathmandu,30608,Bagmati,11,Shree HImal Traders and suppliers
64,306,Kathmandu,30608,Bagmati,29,Nepal Hospitality and Hotel
65,306,Kathmandu,30608,Bagmati,12,Dhading Cements Pvt.Ltd.
66,306,Kathmandu,30608,Bagmati,13,Gaurimata Nirman Company Pvt. Ltd.
67,306,Kathmandu,30608,Bagmati,29,Upper Hewakhola Hydropower Company Limited
68,306,Kathmandu,30608,Bagmati,1,Vectortel Solutions Pvt. Ltd.
69,306,Kathmandu,30608,Bagmati,28,Doko Recyclers Pvt. Ltd.
70,306,Kathmandu,30608,Bagmati,22,HESTER BIOSCIENSES NEPAL PRIVATE LIMITED
71,306,Kathmandu,30608,Bagmati,29,Joint Trade Union Coordination Centre(JTUCC)
72,306,Kathmandu,30608,Bagmati,10,United Nepal Couriers and Cargo Pvt. Ltd.
73,306,Kathmandu,30608,Bagmati,30,Ujhan Traders
74,306,Kathmandu,30608,Bagmati,11,Ekta Books Distributors Pvt. Ltd.
75,306,Kathmandu,30608,Bagmati,32,ATLAS INTERNATIONAL RELOCATIONS PTV. LTD
76,306,Nagarjun,30607,Bagmati,3,SURABHI TRADING PVT. LTD.
77,306,Tokha,30605,Bagmati,10,Bhajuratna Agro Pvt. Ltd.
78,307,Changunarayan,30701,Bagmati,4,Qmed Formulation Pvt Ltd
79,307,Madhyapur Thimi,30703,Bagmati,2,SOS Children's Villages Nepal
80,307,Madhyapur Thimi,30703,Bagmati,3,Everest Colour Ltd.
81,307,Madhyapur Thimi,30703,Bagmati,4,Shankhadhar Saving And Credit Cooperative Society Ltd.
82,307,Madhyapur Thimi,30703,Bagmati,3,Kshamadevi Building Materials Pvt. Ltd.
83,307,Suryabinayak,30704,Bagmati,4,Janata Saving & Credit Co-Operative Ltd.
84,308,Lalitpur,30802,Bagmati,14,Genius School Lalitpur Pvt. Ltd
85,308,Lalitpur,30802,Bagmati,5,HumanX PVT.LTD
86,308,Lalitpur,30802,Bagmati,10,Banba Group Pvt ltd.
87,308,Lalitpur,30802,Bagmati,22,wesionaryTEAM Pvt. Ltd.
88,308,Lalitpur,30802,Bagmati,14,Micah Nepal
89,308,Lalitpur,30802,Bagmati,1,L.I. Auto Services Pvt. Ltd. 
90,308,Lalitpur,30802,Bagmati,13,Early Childhood Education Centre
91,308,Lalitpur,30802,Bagmati,5,Mountain Child Inc
92,308,Lalitpur,30802,Bagmati,10,Community Information Network (CIN)
93,308,Lalitpur,30802,Bagmati,1,Flextecs Nepal
94,308,Lalitpur,30802,Bagmati,2,CG Foods Industries Pvt. Ltd.
95,308,Lalitpur,30802,Bagmati,16,Bardan Securities Pvt.Ltd
96,308,Lalitpur,30802,Bagmati,5,VALLEY HOMES PVT.LTD
97,308,Lalitpur,30802,Bagmati,8,Octacore Solutions Pvt. Ltd.
98,308,Lalitpur,30802,Bagmati,15,Connect H.R. Pvt. Ltd.
99,308,Lalitpur,30802,Bagmati,3,R & R Hotels and Resorts Pvt. LTD
100,308,Lalitpur,30802,Bagmati,2,Group of Helping Hands Nepal
101,308,Lalitpur,30802,Bagmati,5,Mountain Child Adventure Travel  & Trekking Pvt Ltd
102,308,Lalitpur,30802,Bagmati,10,Kazi Studio Pvt Ltd
103,309,Banepa,30904,Bagmati,6,Budol Samudayik Saving and credit Co-operative Society ltd. 
104,309,Banepa,30904,Bagmati,13,Asha Laghubitta Bittiya Sanstha Limited.
105,309,Dhulikhel,30905,Bagmati,8,Education Empowerment Center
106,309,Panauti,30909,Bagmati,7,Uddham bikas saving & credit co-operative
107,309,Panauti,30909,Bagmati,6,Dwarika Photo Studio
108,309,Panchkhal,30906,Bagmati,4,Progressive Multipurpose Co-operative Agency Ltd.(PROMCAL)
109,312,Hetauda,31206,Bagmati,2,Yuba Bachat Tatha Rin Sahakari Sastha Ltd.
110,312,Hetauda,31206,Bagmati,8,Six Villa Pvt. Ltd.
111,312,Hetauda,31206,Bagmati,8,Antarctic Biscuit Pvt Ltd
112,313,Bharatpur,31304,Bagmati,1,Chitawon Milk Limited
113,313,Bharatpur,31304,Bagmati,16,Golden Agro
114,313,Bharatpur,31304,Bagmati,8,Surya Kiran Fiber Indsustries Pvt Ltd
115,313,Bharatpur,31304,Bagmati,16,United Wire and Cable Industries Pvt. Ltd.
116,313,Bharatpur,31304,Bagmati,3,Global Agro Products Pvt.Ltd
117,405,Pokhara,40504,Gandaki,9,TT INTERNATIONAL
118,405,Pokhara,40504,Gandaki,9,Sanchar Saving & Credit Cooperative Society Ltd.
119,405,Pokhara,40504,Gandaki,10,barahi Bakery P. Ltd
120,405,Pokhara,40504,Gandaki,15,Shining Nepal Multipurpose Company
121,405,Pokhara,40504,Gandaki,2,Sujit Phalphul tatha Tarkari Pasal
122,405,Pokhara,40504,Gandaki,9,Nyaya Health Nepal
123,405,Pokhara,40504,Gandaki,10,Sujal Dairy Pvt.Ltd
124,405,Pokhara,40504,Gandaki,8,Kanchan Printers
125,405,Pokhara,40504,Gandaki,8,JET SECURITY SUPPLIERS AND TRAINING SERVICES PVT.LTD.
126,405,Pokhara,40504,Gandaki,6,Sarangkot Mountain Resort and Spa Pvt. Ltd. 
127,405,Pokhara,40504,Gandaki,9,KARMACHARYA BROTHERS
128,407,Aanbukhaireni,40710,Gandaki,2,SURYA BLENDERS PVT LTD
129,407,Byas,40702,Gandaki,10,Nivix Pharmaceuticals Pvt. Ltd
130,408,Baudikali,40803,Gandaki,2,BAUDIKALI RURAL MUNICIPALITY
131,408,Binayi Triveni,40808,Gandaki,1,Dumkibas Poultry Farm Pvt. ltd.
132,408,Binayi Triveni,40808,Gandaki,2,Golden Harvest Farm Pvt Ltd
133,408,Devchuli,40805,Gandaki,2,"Khanal Sarmik Suppliers Pvt Ltd,Devchuli Municipality-02"
134,408,Gaindakot,40801,Gandaki,16,NIDISI NEPAL
135,408,Gaindakot,40801,Gandaki,4,Time Pharmaceuticals Limited
136,408,Gaindakot,40801,Gandaki,2,Gandaki Saving and Credit Cooperative Society Ltd
137,408,Kawasoti,40806,Gandaki,17,Himalayan Wildlife Sanctuary
138,409,Aandhikhola,40903,Gandaki,4,AAANDHIKHOLA KRISHI UDYAM SAHAKARI SANSTHA LTD
139,503,Sworgadwari,50305,Lumbini,2,Shree Swargadwari Ashram
140,507,Bardaghat,50701,Lumbini,7,Gramin Balmiki Savings & Credit Cooperative Ltd 
141,507,Sunwal,50702,Lumbini,5,R.A.Energy Power Service
142,507,Sunwal,50702,Lumbini,5,Rajpoot Energy Service
143,508,Butwal,50802,Lumbini,10,Gautam Buddha Community Heart Hospital 
144,508,Butwal,50802,Lumbini,9,Trust Micro Insurance Ltd.
145,508,Butwal,50802,Lumbini,6,Janakalyan Saving & Credit Co-operative ltd 
146,508,Butwal,50802,Lumbini,6,Royal SASA Nepal Pharmaceuticals Pvt. Ltd.
147,508,Sidharthanagar,50811,Lumbini,1,Universal Institute of Advanced Studies & Research Pvt. Ltd.
148,508,Tilottama,50808,Lumbini,1,Everest Medicine Center
149,508,Tilottama,50808,Lumbini,5,Sabaiko Saving and Credit  Co-operative Ltd.
150,509,Banganga,50901,Lumbini,2,Banganga Khanepani  Tatha Sarsaphai Sanstha
151,509,Shivaraj,50903,Lumbini,1,SHIVAGADHI ENGLISH SCHOOL
152,510,Ghorahi,51002,Lumbini,15,Nepal Women Community Service Center
153,511,Baijanath,51103,Lumbini,2,Gramin Bidhut Saving and Credit Co-operative Society Ltd.
154,511,Khajura,51104,Lumbini,2,Khajura Nature Garden And Agro Farm Private Limited
155,511,Kohalpur,51102,Lumbini,11,Shree Shikhar Jadibuti Utpadak sahakari sanstha ltd
156,511,Kohalpur,51102,Lumbini,14,Hulas Khadya Udhyog Pvt.Ltd.
157,511,Nepalgunj,51106,Lumbini,12,mata bageshwari security service pvt.ltd.
158,511,Nepalgunj,51106,Lumbini,2,GURUKUL SAVING AND CREDIT CO-OPERATIVE LTD
159,511,Nepalgunj,51106,Lumbini,18,Nepatop sales
160,512,Badhaiyatal,51208,Lumbini,8,Sagar Krishi Tatha Pashupanchhi Farm
161,602,Chhayanath Rara,60202,Karnali,2,Karnali Community Development Center 
162,602,Mugum Karmarog,60201,Karnali,5,"Karani Community Development Center,Mugu"
163,603,Simkot,60303,Karnali,6,"Women Welfare service,Humla"
164,603,Simkot,60303,Karnali,6,"Himaalyan Education and Development, Humla Nepal (HEAD Nepal) "
165,604,Chandannath,60404,Karnali,6,Karnali Integrated Rural Development and Research Center (KIRDARC-Nepal)
166,606,Narayan,60608,Karnali,1,Sustainable Agriculture or Environment & Water Source Conservation Center (SAEWCC-Dailekh)
167,608,Musikot,60804,Karnali,1,Rukumeli Social Devlopment Center 
168,608,Musikot,60804,Karnali,1,Rukumeli Social Devlopment Center 
169,610,Birendranagar,61006,Karnali,4,Swavalambi Saving and Credit Cooperative Ltd.
170,610,Birendranagar,61006,Karnali,6,Birendranagar Saving and Credit Cooperative Ltd
171,610,Birendranagar,61006,Karnali,4,Province Hospital
172,610,Birendranagar,61006,Karnali,4,kopila valley sewa samaj
173,610,Birendranagar,61006,Karnali,4,Yugaawhan National Daily
174,610,Birendranagar,61006,Karnali,10,New Life Children's Haven
175,610,Birendranagar,61006,Karnali,8,Sundar Nepal Sanstha
176,610,Birendranagar,61006,Karnali,1,"Mount Everest Secondary School, Birendranagar-1, Surkhet"
177,705,Amargadhi,70502,Sudurpaschim,5,Amargadhi Saving and Credit Cooperative Ltd
178,706,Dipayal Silgadhi,70605,Sudurpaschim,5,Equality Development Centre
179,708,Dhangadhi,70813,Sudurpaschim,4,National Academy of Science and Technology
180,708,Ghodaghodi,70805,Sudurpaschim,2,tilakarnali saving and credit co-operative ltd
181,708,Godawari,70803,Sudurpaschim,2,Bhageshwor Agro Industries Pvt Ltd
182,708,Godawari,70803,Sudurpaschim,1,Khaptad Laghubitta Bittiya Sanstha Limited
183,708,Lamki Chuha,70807,Sudurpaschim,4,Matribhumi Laghubitta Bittiya Sanstha Limited
184,709,Beldandi,70909,Sudurpaschim,4,Bageshwori Bahuuddshayey Sahakari Sastha Ltd.
185,709,Bhimdatta,70904,Sudurpaschim,18,BALAJI FRUIT CHAMBER
186,709,Bhimdatta,70904,Sudurpaschim,6,Vinay Group Pvt.Ltd.
187,709,Krishnapur,70901,Sudurpaschim,4,Jagdamba Alco Bev
188,NA,NA,NA,NA,NA,NA
189,NA,NA,NA,NA,NA,NA
190,NA,NA,NA,NA,NA,NA
191,NA,NA,NA,NA,NA,NA
192,NA,NA,NA,NA,NA,NA
193,NA,NA,NA,NA,NA,NA
194,NA,NA,NA,NA,NA,NA
195,NA,NA,NA,NA,NA,NA
196,NA,NA,NA,NA,NA,NA
