"","ID","psu","palika","ward","hhld","version","verified","interviewer_id","personid","v101","v629","v630","v630a","v631a","v631b","v632","v633","v634","v634a","v635","v635a","v636","v636a","v637","v638","v639a","v639b","v639c","v640","v640a","v641"
"1",3343,3111,31101,"7","3","v5","Y",28,13352,3,"2 ",NA,NA,NA,NA,NA,NA,NA,NA,NA,NA,NA,NA,NA,NA,NA,NA,NA,NA,NA,NA
"2",3343,3111,31101,"7","3","v5","Y",28,13352,3,"2 ",NA,NA,NA,NA,NA,NA,NA,NA,NA,NA,NA,NA,NA,NA,NA,NA,NA,NA,NA,NA
"3",3696,3214,31303,"7","3","v5","Y",55,15310,1,"2 ",NA,NA,NA,NA,NA,NA,NA,NA,NA,NA,NA,NA,NA,NA,"__:__",NA,NA,NA,NA,NA
"4",3696,3214,31303,"7","3","v5","Y",55,15310,1,"2 ",NA,NA,NA,NA,NA,NA,NA,NA,NA,NA,NA,NA,NA,NA,"__:__",NA,NA,NA,NA,NA
"5",3696,3214,31303,"7","3","v5","Y",55,15310,1,"2 ",NA,NA,NA,NA,NA,NA,NA,NA,NA,NA,NA,NA,NA,NA,"__:__",NA,NA,NA,NA,NA
"6",3696,3214,31303,"7","3","v5","Y",55,15310,1,"2 ",NA,NA,NA,NA,NA,NA,NA,NA,NA,NA,NA,NA,NA,NA,"__:__",NA,NA,NA,NA,NA
"7",3696,3214,31303,"7","3","v5","Y",55,15311,2,"2 ",NA,NA,NA,NA,NA,NA,NA,NA,NA,NA,NA,NA,NA,NA,"__:__",NA,NA,NA,NA,NA
"8",3696,3214,31303,"7","3","v5","Y",55,15311,2,"2 ",NA,NA,NA,NA,NA,NA,NA,NA,NA,NA,NA,NA,NA,NA,"__:__",NA,NA,NA,NA,NA
"9",3696,3214,31303,"7","3","v5","Y",55,15311,2,"2 ",NA,NA,NA,NA,NA,NA,NA,NA,NA,NA,NA,NA,NA,NA,"__:__",NA,NA,NA,NA,NA
"10",3696,3214,31303,"7","3","v5","Y",55,15312,3,"2 ",NA,NA,NA,NA,NA,NA,NA,NA,NA,NA,NA,NA,NA,NA,"__:__",NA,NA,NA,NA,NA
"11",3696,3214,31303,"7","3","v5","Y",55,15312,3,"2 ",NA,NA,NA,NA,NA,NA,NA,NA,NA,NA,NA,NA,NA,NA,"__:__",NA,NA,NA,NA,NA
"12",5661,4203,40602,"4","1","v5","N",43,25651,1,"1 ","16 ",NA,NA,NA,"1 ","2 ",NA,NA,NA,NA,"8 ",NA,"2 ","1 ","__:__",NA,NA,"3 ",NA,"2 , 3 "
"13",5661,4203,40602,"4","1","v5","N",43,25651,1,"1 ","16 ",NA,NA,NA,"1 ","2 ",NA,NA,NA,NA,"8 ",NA,"2 ","1 ","__:__",NA,NA,"3 ",NA,"2 , 3 "
"14",5661,4203,40602,"4","1","v5","N",43,25652,2,"1 ","16 ",NA,NA,NA,"1 ","2 ",NA,NA,NA,NA,"8 ",NA,"2 ","1 ","__:__",NA,NA,"3 ",NA,"2 , 3 "
"15",5661,4203,40602,"4","1","v5","N",43,25652,2,"1 ","16 ",NA,NA,NA,"1 ","2 ",NA,NA,NA,NA,"8 ",NA,"2 ","1 ","__:__",NA,NA,"3 ",NA,"2 , 3 "
"16",5661,4203,40602,"4","1","v5","N",43,25653,3,"1 ","16 ",NA,NA,NA,"1 ","2 ",NA,NA,NA,NA,"8 ",NA,"2 ","1 ","__:__",NA,NA,"3 ",NA,"2 , 3 "
"17",5661,4203,40602,"4","1","v5","N",43,25653,3,"1 ","16 ",NA,NA,NA,"1 ","2 ",NA,NA,NA,NA,"8 ",NA,"2 ","1 ","__:__",NA,NA,"3 ",NA,"2 , 3 "
"18",5661,4203,40602,"4","1","v5","N",43,25654,4,"1 ","16 ",NA,NA,NA,"1 ","2 ",NA,NA,NA,NA,"8 ",NA,"2 ","1 ","__:__",NA,NA,"3 ",NA,"2 , 3 "
"19",5661,4203,40602,"4","1","v5","N",43,25654,4,"1 ","16 ",NA,NA,NA,"1 ","2 ",NA,NA,NA,NA,"8 ",NA,"2 ","1 ","__:__",NA,NA,"3 ",NA,"2 , 3 "
"20",6182,3108,30802,"27","23","v5","N",56,28539,1,"2 ",NA,NA,NA,NA,NA,NA,NA,NA,NA,NA,NA,NA,NA,NA,"__:__",NA,NA,NA,NA,NA
"21",6182,3108,30802,"27","23","v5","N",56,28539,1,"2 ",NA,NA,NA,NA,NA,NA,NA,NA,NA,NA,NA,NA,NA,NA,"__:__",NA,NA,NA,NA,NA
"22",6394,NA,20703,"7","3","v6","N",28,29723,7,"2 ",NA,NA,NA,NA,NA,NA,NA,NA,NA,NA,NA,NA,NA,NA,"__:__",NA,NA,NA,NA,NA
"23",6394,NA,20703,"7","3","v6","N",28,29723,7,"2 ",NA,NA,NA,NA,NA,NA,NA,NA,NA,NA,NA,NA,NA,NA,"__:__",NA,NA,NA,NA,NA
"24",6882,3112,31206,"15","24","v5","N",25,32089,7,"2 ",NA,NA,NA,NA,NA,NA,NA,NA,NA,NA,NA,NA,NA,NA,"__:__",NA,NA,NA,NA,NA
"25",6882,3112,31206,"15","24","v5","N",25,32089,7,"2 ",NA,NA,NA,NA,NA,NA,NA,NA,NA,NA,NA,NA,NA,NA,"__:__",NA,NA,NA,NA,NA
"26",6895,3208,30802,"27","30","v5","N",56,32158,3,"2 ",NA,NA,NA,NA,NA,NA,NA,NA,NA,NA,NA,NA,NA,NA,"__:__",NA,NA,NA,NA,NA
"27",6895,3208,30802,"27","30","v5","N",56,32158,3,"2 ",NA,NA,NA,NA,NA,NA,NA,NA,NA,NA,NA,NA,NA,NA,"__:__",NA,NA,NA,NA,NA
"28",6895,3208,30802,"27","30","v5","N",56,32159,4,"2 ",NA,NA,NA,NA,NA,NA,NA,NA,NA,NA,NA,NA,NA,NA,"__:__",NA,NA,NA,NA,NA
"29",6895,3208,30802,"27","30","v5","N",56,32159,4,"2 ",NA,NA,NA,NA,NA,NA,NA,NA,NA,NA,NA,NA,NA,NA,"__:__",NA,NA,NA,NA,NA
"30",7011,7109,70909,"3","27","v5","Y",74,32726,6,"2 ",NA,NA,NA,NA,NA,NA,NA,NA,NA,NA,NA,NA,NA,NA,"__:__",NA,NA,NA,NA,NA
"31",7011,7109,70909,"3","27","v5","Y",74,32726,6,"2 ",NA,NA,NA,NA,NA,NA,NA,NA,NA,NA,NA,NA,NA,NA,"__:__",NA,NA,NA,NA,NA
"32",7091,2201,20110,"1","33","v5","N",24,33157,2,"2 ",NA,NA,NA,NA,NA,NA,NA,NA,NA,NA,NA,NA,NA,NA,"__:__",NA,NA,NA,NA,NA
"33",7091,2201,20110,"1","33","v5","N",24,33157,2,"2 ",NA,NA,NA,NA,NA,NA,NA,NA,NA,NA,NA,NA,NA,NA,"__:__",NA,NA,NA,NA,NA
"34",7132,3112,31206,"15","37","v5","N",28,33404,1,"2 ",NA,NA,NA,NA,NA,NA,NA,NA,NA,NA,NA,NA,NA,NA,"__:__",NA,NA,NA,NA,NA
"35",7132,3112,31206,"15","37","v5","N",28,33404,1,"2 ",NA,NA,NA,NA,NA,NA,NA,NA,NA,NA,NA,NA,NA,NA,"__:__",NA,NA,NA,NA,NA
"36",7465,5205,50901,"9","28","v5","N",54,35116,4,"2 ",NA,NA,NA,NA,NA,NA,NA,NA,NA,NA,NA,NA,NA,NA,"__:__",NA,NA,NA,NA,NA
"37",7465,5205,50901,"9","28","v5","N",54,35116,4,"2 ",NA,NA,NA,NA,NA,NA,NA,NA,NA,NA,NA,NA,NA,NA,"__:__",NA,NA,NA,NA,NA
"38",7517,4204,40605,"6","5","v5","N",43,35426,1,"2 ",NA,NA,NA,NA,NA,NA,NA,NA,NA,NA,NA,NA,NA,NA,NA,NA,NA,NA,NA,NA
"39",7517,4204,40605,"6","5","v5","N",43,35426,1,"2 ",NA,NA,NA,NA,NA,NA,NA,NA,NA,NA,NA,NA,NA,NA,NA,NA,NA,NA,NA,NA
"40",7576,3104,30512,"1","37","v5","N",58,35723,1,"2 ",NA,NA,NA,NA,NA,NA,NA,NA,NA,NA,NA,NA,NA,NA,"__:__",NA,NA,NA,NA,NA
"41",7576,3104,30512,"1","37","v5","N",58,35723,1,"2 ",NA,NA,NA,NA,NA,NA,NA,NA,NA,NA,NA,NA,NA,NA,"__:__",NA,NA,NA,NA,NA
"42",7599,4204,40605,"6","2","v5","N",42,35842,3,"2 ",NA,NA,NA,NA,NA,NA,NA,NA,NA,NA,NA,NA,NA,NA,NA,NA,NA,NA,NA,NA
"43",7599,4204,40605,"6","2","v5","N",42,35842,3,"2 ",NA,NA,NA,NA,NA,NA,NA,NA,NA,NA,NA,NA,NA,NA,NA,NA,NA,NA,NA,NA
"44",7612,4320,40504,"10","1","v6","N",91,35910,1,"2 ",NA,NA,NA,NA,NA,NA,NA,NA,NA,NA,NA,NA,NA,NA,"__:__",NA,NA,NA,NA,NA
"45",7612,4320,40504,"10","1","v6","N",91,35910,1,"2 ",NA,NA,NA,NA,NA,NA,NA,NA,NA,NA,NA,NA,NA,NA,"__:__",NA,NA,NA,NA,NA
"46",7620,4224,40504,"9","3","v6","N",91,35942,1,"2 ",NA,NA,NA,NA,NA,NA,NA,NA,NA,NA,NA,NA,NA,NA,"__:__",NA,NA,NA,NA,NA
"47",7620,4224,40504,"9","3","v6","N",91,35942,1,"2 ",NA,NA,NA,NA,NA,NA,NA,NA,NA,NA,NA,NA,NA,NA,"__:__",NA,NA,NA,NA,NA
"48",8304,1103,10602,"2","8","v6","N",12,39429,5,"2 ",NA,NA,NA,NA,NA,NA,NA,NA,NA,NA,NA,NA,NA,NA,"__:__",NA,NA,NA,NA,NA
"49",8304,1103,10602,"2","8","v6","N",12,39429,5,"2 ",NA,NA,NA,NA,NA,NA,NA,NA,NA,NA,NA,NA,NA,NA,"__:__",NA,NA,NA,NA,NA
"50",8304,1103,10602,"2","8","v6","N",12,39429,5,"2 ",NA,NA,NA,NA,NA,NA,NA,NA,NA,NA,NA,NA,NA,NA,"__:__",NA,NA,NA,NA,NA
"51",8304,1103,10602,"2","8","v6","N",12,39429,5,"2 ",NA,NA,NA,NA,NA,NA,NA,NA,NA,NA,NA,NA,NA,NA,"__:__",NA,NA,NA,NA,NA
